#,Date-Time (UTC Standard Time),Temperature   (°C),Light   (lux),Started,Button Down,Button Up,End of File
1,07/22/2025 19:20:00,23.68,356.64,Logged,,,
2,07/22/2025 19:25:00,23.21,175.28,,,,
3,07/22/2025 19:30:00,22.56,5.85,,,,
4,07/22/2025 19:35:00,22.31,21.56,,,,
5,07/22/2025 19:40:00,22.26,20.91,,,,
6,07/22/2025 19:45:00,22.31,20.47,,,,
7,07/22/2025 19:50:00,22.43,19.82,,,,
8,07/22/2025 19:55:00,22.82,3822.08,,,,
9,07/22/2025 20:00:00,25.48,22046.72,,,,
10,07/22/2025 20:05:00,28.91,22067.20,,,,
11,07/22/2025 20:10:00,30.59,9664.00,,,,
12,07/22/2025 20:15:00,31.83,10122.24,,,,
13,07/22/2025 20:20:00,33.12,10247.68,,,,
14,07/22/2025 20:25:00,34.15,10234.88,,,,
15,07/22/2025 20:30:00,35.35,10150.40,,,,
16,07/22/2025 20:35:00,36.25,10101.76,,,,
17,07/22/2025 20:40:00,37.11,9991.68,,,,
18,07/22/2025 20:45:00,37.75,9927.68,,,,
19,07/22/2025 20:50:00,38.31,9832.96,,,,
20,07/22/2025 20:55:00,38.82,9687.04,,,,
21,07/22/2025 21:00:00,39.25,9566.72,,,,
22,07/22/2025 21:05:00,39.64,9492.48,,,,
23,07/22/2025 21:10:00,40.02,9853.44,,,,
24,07/22/2025 21:15:00,40.41,9838.08,,,,
25,07/22/2025 21:20:00,40.75,9664.00,,,,
26,07/22/2025 21:25:00,41.10,9464.32,,,,
27,07/22/2025 21:30:00,41.40,9303.04,,,,
28,07/22/2025 21:35:00,41.70,9082.88,,,,
29,07/22/2025 21:40:00,42.00,9095.68,,,,
30,07/22/2025 21:45:00,42.81,10004.48,,,,
31,07/22/2025 21:50:00,44.06,12282.88,,,,
32,07/22/2025 21:55:00,45.34,37355.52,,,,
33,07/22/2025 22:00:00,46.12,39546.88,,,,
34,07/22/2025 22:05:00,46.42,14781.44,,,,
35,07/22/2025 22:10:00,46.29,5432.32,,,,
36,07/22/2025 22:15:00,42.94,893.12,,,,
37,07/22/2025 22:20:00,40.28,833.60,,,,
38,07/22/2025 22:25:00,38.22,826.56,,,,
39,07/22/2025 22:30:00,36.55,791.36,,,,
40,07/22/2025 22:35:00,35.18,716.48,,,,
41,07/22/2025 22:40:00,34.06,754.24,,,,
42,07/22/2025 22:45:00,33.03,720.64,,,,
43,07/22/2025 22:50:00,32.13,653.60,,,,
44,07/22/2025 22:55:00,31.31,595.36,,,,
45,07/22/2025 23:00:00,30.59,532.48,,,,
46,07/22/2025 23:05:00,30.03,637.44,,,,
47,07/22/2025 23:10:00,29.38,557.60,,,,
48,07/22/2025 23:15:00,28.87,529.92,,,,
49,07/22/2025 23:20:00,28.35,489.92,,,,
50,07/22/2025 23:25:00,27.93,413.60,,,,
51,07/22/2025 23:30:00,27.41,368.32,,,,
52,07/22/2025 23:35:00,26.98,330.88,,,,
53,07/22/2025 23:40:00,26.60,293.36,,,,
54,07/22/2025 23:45:00,26.17,245.36,,,,
55,07/22/2025 23:50:00,25.87,204.40,,,,
56,07/22/2025 23:55:00,25.48,167.60,,,,
57,07/23/2025 00:00:00,25.22,131.92,,,,
58,07/23/2025 00:05:00,24.97,98.72,,,,
59,07/23/2025 00:10:00,24.71,68.12,,,,
60,07/23/2025 00:15:00,24.41,43.22,,,,
61,07/23/2025 00:20:00,24.19,25.11,,,,
62,07/23/2025 00:25:00,23.94,13.53,,,,
63,07/23/2025 00:30:00,23.68,6.32,,,,
64,07/23/2025 00:35:00,23.46,4.34,,,,
65,07/23/2025 00:40:00,23.34,2.38,,,,
66,07/23/2025 00:45:00,23.12,1.73,,,,
67,07/23/2025 00:50:00,22.99,1.51,,,,
68,07/23/2025 00:55:00,22.78,1.51,,,,
69,07/23/2025 01:00:00,22.65,1.51,,,,
70,07/23/2025 01:05:00,22.48,1.30,,,,
71,07/23/2025 01:10:00,22.35,1.30,,,,
72,07/23/2025 01:15:00,22.22,1.30,,,,
73,07/23/2025 01:20:00,22.13,1.30,,,,
74,07/23/2025 01:25:00,22.01,1.30,,,,
75,07/23/2025 01:30:00,21.88,1.30,,,,
76,07/23/2025 01:35:00,21.79,1.30,,,,
77,07/23/2025 01:40:00,21.62,1.30,,,,
78,07/23/2025 01:45:00,21.58,1.30,,,,
79,07/23/2025 01:50:00,21.45,1.30,,,,
80,07/23/2025 01:55:00,21.32,1.30,,,,
81,07/23/2025 02:00:00,21.28,1.30,,,,
82,07/23/2025 02:05:00,21.19,1.30,,,,
83,07/23/2025 02:10:00,21.10,0.86,,,,
84,07/23/2025 02:15:00,21.02,0.86,,,,
85,07/23/2025 02:20:00,20.93,0.86,,,,
86,07/23/2025 02:25:00,20.85,1.30,,,,
87,07/23/2025 02:30:00,20.85,1.30,,,,
88,07/23/2025 02:35:00,20.76,0.86,,,,
89,07/23/2025 02:40:00,20.63,0.86,,,,
90,07/23/2025 02:45:00,20.63,0.86,,,,
91,07/23/2025 02:50:00,20.55,0.86,,,,
92,07/23/2025 02:55:00,20.42,0.86,,,,
93,07/23/2025 03:00:00,20.37,0.86,,,,
94,07/23/2025 03:05:00,20.29,0.86,,,,
95,07/23/2025 03:10:00,20.20,1.30,,,,
96,07/23/2025 03:15:00,20.16,0.86,,,,
97,07/23/2025 03:20:00,20.12,0.86,,,,
98,07/23/2025 03:25:00,19.99,0.86,,,,
99,07/23/2025 03:30:00,19.86,0.86,,,,
100,07/23/2025 03:35:00,19.77,0.86,,,,
101,07/23/2025 03:40:00,19.73,0.86,,,,
102,07/23/2025 03:45:00,19.65,0.86,,,,
103,07/23/2025 03:50:00,19.52,0.86,,,,
104,07/23/2025 03:55:00,19.47,0.86,,,,
105,07/23/2025 04:00:00,19.35,0.86,,,,
106,07/23/2025 04:05:00,19.30,0.86,,,,
107,07/23/2025 04:10:00,19.17,0.86,,,,
108,07/23/2025 04:15:00,19.00,0.86,,,,
109,07/23/2025 04:20:00,18.96,0.86,,,,
110,07/23/2025 04:25:00,18.92,0.86,,,,
111,07/23/2025 04:30:00,18.83,1.08,,,,
112,07/23/2025 04:35:00,18.74,1.08,,,,
113,07/23/2025 04:40:00,18.66,1.08,,,,
114,07/23/2025 04:45:00,18.70,1.08,,,,
115,07/23/2025 04:50:00,18.53,1.08,,,,
116,07/23/2025 04:55:00,18.44,1.08,,,,
117,07/23/2025 05:00:00,18.40,1.08,,,,
118,07/23/2025 05:05:00,18.36,1.08,,,,
119,07/23/2025 05:10:00,18.36,1.08,,,,
120,07/23/2025 05:15:00,18.27,1.08,,,,
121,07/23/2025 05:20:00,18.19,1.08,,,,
122,07/23/2025 05:25:00,18.14,1.08,,,,
123,07/23/2025 05:30:00,18.06,1.08,,,,
124,07/23/2025 05:35:00,17.97,1.08,,,,
125,07/23/2025 05:40:00,17.93,1.08,,,,
126,07/23/2025 05:45:00,17.89,1.08,,,,
127,07/23/2025 05:50:00,17.84,1.08,,,,
128,07/23/2025 05:55:00,17.80,1.08,,,,
129,07/23/2025 06:00:00,17.72,1.08,,,,
130,07/23/2025 06:05:00,17.72,1.08,,,,
131,07/23/2025 06:10:00,17.63,1.08,,,,
132,07/23/2025 06:15:00,17.59,1.08,,,,
133,07/23/2025 06:20:00,17.54,1.08,,,,
134,07/23/2025 06:25:00,17.46,1.08,,,,
135,07/23/2025 06:30:00,17.41,1.08,,,,
136,07/23/2025 06:35:00,17.33,1.08,,,,
137,07/23/2025 06:40:00,17.33,1.08,,,,
138,07/23/2025 06:45:00,17.24,1.08,,,,
139,07/23/2025 06:50:00,17.24,1.08,,,,
140,07/23/2025 06:55:00,17.20,1.08,,,,
141,07/23/2025 07:00:00,17.16,1.08,,,,
142,07/23/2025 07:05:00,17.11,1.30,,,,
143,07/23/2025 07:10:00,17.11,1.08,,,,
144,07/23/2025 07:15:00,17.03,1.08,,,,
145,07/23/2025 07:20:00,17.03,1.08,,,,
146,07/23/2025 07:25:00,16.99,1.08,,,,
147,07/23/2025 07:30:00,16.99,1.08,,,,
148,07/23/2025 07:35:00,16.94,1.08,,,,
149,07/23/2025 07:40:00,16.86,1.08,,,,
150,07/23/2025 07:45:00,16.86,1.08,,,,
151,07/23/2025 07:50:00,16.77,1.08,,,,
152,07/23/2025 07:55:00,16.81,1.08,,,,
153,07/23/2025 08:00:00,16.69,1.08,,,,
154,07/23/2025 08:05:00,16.64,1.08,,,,
155,07/23/2025 08:10:00,16.69,1.08,,,,
156,07/23/2025 08:15:00,16.56,1.08,,,,
157,07/23/2025 08:20:00,16.56,1.08,,,,
158,07/23/2025 08:25:00,16.56,1.08,,,,
159,07/23/2025 08:30:00,16.43,1.08,,,,
160,07/23/2025 08:35:00,16.43,1.08,,,,
161,07/23/2025 08:40:00,16.39,1.08,,,,
162,07/23/2025 08:45:00,16.34,1.08,,,,
163,07/23/2025 08:50:00,16.26,1.08,,,,
164,07/23/2025 08:55:00,16.21,1.08,,,,
165,07/23/2025 09:00:00,16.21,1.08,,,,
166,07/23/2025 09:05:00,16.17,1.30,,,,
167,07/23/2025 09:10:00,16.08,1.73,,,,
168,07/23/2025 09:15:00,16.13,3.03,,,,
169,07/23/2025 09:20:00,16.08,6.29,,,,
170,07/23/2025 09:25:00,16.04,11.79,,,,
171,07/23/2025 09:30:00,16.00,22.75,,,,
172,07/23/2025 09:35:00,16.00,36.29,,,,
173,07/23/2025 09:40:00,15.96,47.62,,,,
174,07/23/2025 09:45:00,16.00,74.70,,,,
175,07/23/2025 09:50:00,15.96,109.24,,,,
176,07/23/2025 09:55:00,16.00,136.36,,,,
177,07/23/2025 10:00:00,15.96,189.84,,,,
178,07/23/2025 10:05:00,16.08,258.00,,,,
179,07/23/2025 10:10:00,16.13,492.96,,,,
180,07/23/2025 10:15:00,16.26,552.48,,,,
181,07/23/2025 10:20:00,16.34,239.52,,,,
182,07/23/2025 10:25:00,16.51,340.80,,,,
183,07/23/2025 10:30:00,16.64,371.20,,,,
184,07/23/2025 10:35:00,16.51,271.04,,,,
185,07/23/2025 10:40:00,16.26,211.36,,,,
186,07/23/2025 10:45:00,16.26,198.32,,,,
187,07/23/2025 10:50:00,16.26,339.68,,,,
188,07/23/2025 10:55:00,16.30,683.52,,,,
189,07/23/2025 11:00:00,16.39,388.00,,,,
190,07/23/2025 11:05:00,16.73,1604.48,,,,
191,07/23/2025 11:10:00,17.72,1600.00,,,,
192,07/23/2025 11:15:00,18.66,1335.68,,,,
193,07/23/2025 11:20:00,19.26,831.04,,,,
194,07/23/2025 11:25:00,19.77,1920.00,,,,
195,07/23/2025 11:30:00,20.25,1397.12,,,,
196,07/23/2025 11:35:00,20.46,882.56,,,,
197,07/23/2025 11:40:00,20.76,1084.80,,,,
198,07/23/2025 11:45:00,20.98,1652.48,,,,
199,07/23/2025 11:50:00,21.15,1840.00,,,,
200,07/23/2025 11:55:00,21.32,1539.84,,,,
201,07/23/2025 12:00:00,21.58,2485.76,,,,
202,07/23/2025 12:05:00,21.88,1942.40,,,,
203,07/23/2025 12:10:00,22.09,1681.92,,,,
204,07/23/2025 12:15:00,22.48,3159.04,,,,
205,07/23/2025 12:20:00,22.99,2232.32,,,,
206,07/23/2025 12:25:00,23.38,2527.36,,,,
207,07/23/2025 12:30:00,23.81,3002.88,,,,
208,07/23/2025 12:35:00,24.02,2049.92,,,,
209,07/23/2025 12:40:00,24.28,483.84,,,,
210,07/23/2025 12:45:00,24.71,2388.48,,,,
211,07/23/2025 12:50:00,25.05,7027.20,,,,
212,07/23/2025 12:55:00,29.56,18263.04,,,,
213,07/23/2025 13:00:00,31.49,15226.88,,,,
214,07/23/2025 13:05:00,30.97,7895.04,,,,
215,07/23/2025 13:10:00,30.07,7728.64,,,,
216,07/23/2025 13:15:00,29.17,8033.28,,,,
217,07/23/2025 13:20:00,28.18,7984.64,,,,
218,07/23/2025 13:25:00,28.14,7782.40,,,,
219,07/23/2025 13:30:00,29.94,92692.48,,,,
220,07/23/2025 13:35:00,33.03,7490.56,,,,
221,07/23/2025 13:40:00,38.52,47534.08,,,,
222,07/23/2025 13:45:00,38.05,10053.12,,,,
223,07/23/2025 13:50:00,38.56,7185.92,,,,
224,07/23/2025 13:55:00,37.92,3114.24,,,,
225,07/23/2025 14:00:00,37.71,49602.56,,,,
226,07/23/2025 14:05:00,36.25,57487.36,,,,
227,07/23/2025 14:10:00,42.21,62607.36,,,,
228,07/23/2025 14:15:00,46.12,13578.24,,,,
229,07/23/2025 14:20:00,41.57,5882.88,,,,
230,07/23/2025 14:25:00,38.78,5107.20,,,,
231,07/23/2025 14:30:00,36.12,985.92,,,,
232,07/23/2025 14:35:00,25.69,402.72,,,,
233,07/23/2025 14:40:00,24.19,515.04,,,,
234,07/23/2025 14:45:00,23.81,542.08,,,,
235,07/23/2025 14:50:00,23.68,540.32,,,,
236,07/23/2025 14:55:00,23.64,570.72,,,,
237,07/23/2025 15:00:00,23.55,571.52,,,,
238,07/23/2025 15:05:00,23.42,569.76,,,,
239,07/23/2025 15:10:00,23.38,560.16,,,,
240,07/23/2025 15:15:00,23.34,557.60,,,,
241,07/23/2025 15:20:00,23.29,566.24,,,,
242,07/23/2025 15:25:00,23.21,569.76,,,,
243,07/23/2025 15:30:00,23.12,590.56,,,,
244,07/23/2025 15:35:00,23.12,581.12,,,,
245,07/23/2025 15:40:00,23.08,581.92,,,,
246,07/23/2025 15:45:00,23.03,594.56,,,,
247,07/23/2025 15:50:00,22.95,595.36,,,,
248,07/23/2025 15:55:00,22.95,622.24,,,,
249,07/23/2025 16:00:00,22.91,633.60,,,,
250,07/23/2025 16:05:00,22.86,629.28,,,,
251,07/23/2025 16:10:00,22.86,651.84,,,,
252,07/23/2025 16:15:00,22.78,682.88,,,,
253,07/23/2025 16:20:00,22.82,685.44,,,,
254,07/23/2025 16:25:00,22.78,713.92,,,,
255,07/23/2025 16:30:00,22.82,689.92,,,,
256,07/23/2025 16:35:00,22.61,745.92,,,,
257,07/23/2025 16:40:00,22.56,776.32,,,,
258,07/23/2025 16:45:00,22.56,814.08,,,,
259,07/23/2025 16:50:00,22.56,930.24,,,,
260,07/23/2025 16:55:00,22.56,588.80,,,,
261,07/23/2025 17:00:00,22.56,924.16,,,,
262,07/23/2025 17:05:00,22.61,788.48,,,,
263,07/23/2025 17:10:00,22.56,874.88,,,,
264,07/23/2025 17:15:00,22.52,897.28,,,,
265,07/23/2025 17:20:00,22.56,939.20,,,,
266,07/23/2025 17:25:00,22.52,952.00,,,,
267,07/23/2025 17:30:00,22.52,992.96,,,,
268,07/23/2025 17:35:00,22.52,1035.52,,,,
269,07/23/2025 17:40:00,22.48,1078.08,,,,
270,07/23/2025 17:45:00,22.48,1063.04,,,,
271,07/23/2025 17:50:00,22.52,604.00,,,,
272,07/23/2025 17:55:00,22.52,1021.44,,,,
273,07/23/2025 18:00:00,22.48,322.40,,,,
274,07/23/2025 18:05:00,22.43,1108.16,,,,
275,07/23/2025 18:10:00,22.43,1016.32,,,,
276,07/23/2025 18:15:00,22.48,1002.56,,,,
277,07/23/2025 18:20:00,22.48,878.40,,,,
278,07/23/2025 18:25:00,22.48,640.48,,,,
279,07/23/2025 18:30:00,22.43,1175.04,,,,
280,07/23/2025 18:35:00,22.48,1120.32,,,,
281,07/23/2025 18:40:00,22.43,1081.28,,,,
282,07/23/2025 18:45:00,22.39,1156.80,,,,
283,07/23/2025 18:50:00,22.48,1199.36,,,,
284,07/23/2025 18:55:00,22.39,1056.32,,,,
285,07/23/2025 19:00:00,22.35,842.56,,,,
286,07/23/2025 19:05:00,22.39,355.52,,,,
287,07/23/2025 19:10:00,22.39,1013.76,,,,
288,07/23/2025 19:15:00,22.39,373.76,,,,
289,07/23/2025 19:20:00,22.39,704.32,,,,
290,07/23/2025 19:25:00,22.35,977.28,,,,
291,07/23/2025 19:30:00,22.35,442.56,,,,
292,07/23/2025 19:35:00,22.39,1236.80,,,,
293,07/23/2025 19:40:00,22.39,558.56,,,,
294,07/23/2025 19:45:00,22.39,447.84,,,,
295,07/23/2025 19:50:00,22.35,463.52,,,,
296,07/23/2025 19:55:00,22.39,548.96,,,,
297,07/23/2025 20:00:00,22.43,1431.04,,,,
298,07/23/2025 20:05:00,22.48,1104.96,,,,
299,07/23/2025 20:10:00,22.52,1391.36,,,,
300,07/23/2025 20:15:00,22.56,1307.84,,,,
301,07/23/2025 20:20:00,22.56,1306.24,,,,
302,07/23/2025 20:25:00,22.61,1321.60,,,,
303,07/23/2025 20:30:00,22.56,1202.88,,,,
304,07/23/2025 20:35:00,22.61,1203.84,,,,
305,07/23/2025 20:40:00,22.65,1193.28,,,,
306,07/23/2025 20:45:00,22.65,1127.36,,,,
307,07/23/2025 20:50:00,22.65,1079.68,,,,
308,07/23/2025 20:55:00,22.69,1101.44,,,,
309,07/23/2025 21:00:00,22.65,1077.12,,,,
310,07/23/2025 21:05:00,22.61,993.60,,,,
311,07/23/2025 21:10:00,22.69,994.56,,,,
312,07/23/2025 21:15:00,22.61,966.08,,,,
313,07/23/2025 21:20:00,22.65,944.96,,,,
314,07/23/2025 21:25:00,22.69,951.04,,,,
315,07/23/2025 21:30:00,22.65,924.16,,,,
316,07/23/2025 21:35:00,22.69,939.20,,,,
317,07/23/2025 21:40:00,22.73,847.04,,,,
318,07/23/2025 21:45:00,22.78,809.60,,,,
319,07/23/2025 21:50:00,22.78,725.12,,,,
320,07/23/2025 21:55:00,22.82,690.24,,,,
321,07/23/2025 22:00:00,22.91,676.80,,,,
322,07/23/2025 22:05:00,22.86,642.24,,,,
323,07/23/2025 22:10:00,22.99,589.28,,,,
324,07/23/2025 22:15:00,23.03,514.24,,,,
325,07/23/2025 22:20:00,23.08,479.04,,,,
326,07/23/2025 22:25:00,23.12,407.04,,,,
327,07/23/2025 22:30:00,23.12,368.64,,,,
328,07/23/2025 22:35:00,23.55,287.52,,,,
329,07/23/2025 22:40:00,23.59,250.16,,,,
330,07/23/2025 22:45:00,23.59,246.72,,,,
331,07/23/2025 22:50:00,23.64,223.92,,,,
332,07/23/2025 22:55:00,23.59,184.72,,,,
333,07/23/2025 23:00:00,23.55,163.76,,,,
334,07/23/2025 23:05:00,23.46,162.96,,,,
335,07/23/2025 23:10:00,23.42,115.00,,,,
336,07/23/2025 23:15:00,23.42,108.04,,,,
337,07/23/2025 23:20:00,23.34,80.56,,,,
338,07/23/2025 23:25:00,23.34,71.38,,,,
339,07/23/2025 23:30:00,23.34,48.76,,,,
340,07/23/2025 23:35:00,23.29,42.68,,,,
341,07/23/2025 23:40:00,23.25,36.13,,,,
342,07/23/2025 23:45:00,23.25,29.59,,,,
343,07/23/2025 23:50:00,23.21,23.70,,,,
344,07/23/2025 23:55:00,23.21,16.51,,,,
345,07/24/2025 00:00:00,23.16,13.04,,,,
346,07/24/2025 00:05:00,23.12,9.54,,,,
347,07/24/2025 00:10:00,23.03,6.29,,,,
348,07/24/2025 00:15:00,22.99,3.90,,,,
349,07/24/2025 00:20:00,22.91,2.17,,,,
350,07/24/2025 00:25:00,22.82,1.08,,,,
351,07/24/2025 00:30:00,22.78,0.43,,,,
352,07/24/2025 00:35:00,22.73,0.00,,,,
353,07/24/2025 00:40:00,22.69,0.00,,,,
354,07/24/2025 00:45:00,22.65,0.00,,,,
355,07/24/2025 00:50:00,22.56,0.00,,,,
356,07/24/2025 00:55:00,22.61,0.00,,,,
357,07/24/2025 01:00:00,22.52,0.00,,,,
358,07/24/2025 01:05:00,22.52,0.00,,,,
359,07/24/2025 01:10:00,22.56,0.00,,,,
360,07/24/2025 01:15:00,22.52,0.00,,,,
361,07/24/2025 01:20:00,22.56,0.00,,,,
362,07/24/2025 01:25:00,22.56,0.00,,,,
363,07/24/2025 01:30:00,22.61,0.00,,,,
364,07/24/2025 01:35:00,22.65,0.00,,,,
365,07/24/2025 01:40:00,22.69,0.00,,,,
366,07/24/2025 01:45:00,22.61,0.00,,,,
367,07/24/2025 01:50:00,22.69,0.00,,,,
368,07/24/2025 01:55:00,22.73,0.00,,,,
369,07/24/2025 02:00:00,22.73,0.00,,,,
370,07/24/2025 02:05:00,22.73,0.00,,,,
371,07/24/2025 02:10:00,22.78,0.00,,,,
372,07/24/2025 02:15:00,22.78,0.00,,,,
373,07/24/2025 02:20:00,22.82,0.00,,,,
374,07/24/2025 02:25:00,22.73,0.00,,,,
375,07/24/2025 02:30:00,22.82,0.00,,,,
376,07/24/2025 02:35:00,22.82,0.00,,,,
377,07/24/2025 02:40:00,22.82,0.00,,,,
378,07/24/2025 02:45:00,22.82,0.00,,,,
379,07/24/2025 02:50:00,22.82,0.00,,,,
380,07/24/2025 02:55:00,22.86,0.00,,,,
381,07/24/2025 03:00:00,22.82,0.00,,,,
382,07/24/2025 03:05:00,22.82,0.00,,,,
383,07/24/2025 03:10:00,22.86,0.00,,,,
384,07/24/2025 03:15:00,22.86,0.00,,,,
385,07/24/2025 03:20:00,22.86,0.00,,,,
386,07/24/2025 03:25:00,22.86,0.00,,,,
387,07/24/2025 03:30:00,22.82,0.00,,,,
388,07/24/2025 03:35:00,22.86,0.00,,,,
389,07/24/2025 03:40:00,22.86,0.00,,,,
390,07/24/2025 03:45:00,22.86,0.00,,,,
391,07/24/2025 03:50:00,22.91,0.00,,,,
392,07/24/2025 03:55:00,22.91,0.00,,,,
393,07/24/2025 04:00:00,22.86,0.00,,,,
394,07/24/2025 04:05:00,22.95,0.00,,,,
395,07/24/2025 04:10:00,22.86,0.00,,,,
396,07/24/2025 04:15:00,22.86,0.00,,,,
397,07/24/2025 04:20:00,22.86,0.00,,,,
398,07/24/2025 04:25:00,22.82,0.00,,,,
399,07/24/2025 04:30:00,22.86,0.00,,,,
400,07/24/2025 04:35:00,22.91,0.00,,,,
401,07/24/2025 04:40:00,22.95,0.00,,,,
402,07/24/2025 04:45:00,22.91,0.00,,,,
403,07/24/2025 04:50:00,22.91,0.00,,,,
404,07/24/2025 04:55:00,22.86,0.00,,,,
405,07/24/2025 05:00:00,22.86,0.00,,,,
406,07/24/2025 05:05:00,22.86,0.00,,,,
407,07/24/2025 05:10:00,22.91,0.00,,,,
408,07/24/2025 05:15:00,22.86,0.00,,,,
409,07/24/2025 05:20:00,22.91,0.00,,,,
410,07/24/2025 05:25:00,22.86,0.00,,,,
411,07/24/2025 05:30:00,22.91,0.00,,,,
412,07/24/2025 05:35:00,22.86,0.00,,,,
413,07/24/2025 05:40:00,22.86,0.00,,,,
414,07/24/2025 05:45:00,22.91,0.00,,,,
415,07/24/2025 05:50:00,22.91,0.00,,,,
416,07/24/2025 05:55:00,22.86,0.00,,,,
417,07/24/2025 06:00:00,22.82,0.00,,,,
418,07/24/2025 06:05:00,22.86,0.00,,,,
419,07/24/2025 06:10:00,22.86,0.00,,,,
420,07/24/2025 06:15:00,22.86,0.00,,,,
421,07/24/2025 06:20:00,22.86,0.00,,,,
422,07/24/2025 06:25:00,22.86,0.00,,,,
423,07/24/2025 06:30:00,22.86,0.00,,,,
424,07/24/2025 06:35:00,22.91,0.00,,,,
425,07/24/2025 06:40:00,22.86,0.00,,,,
426,07/24/2025 06:45:00,22.86,0.00,,,,
427,07/24/2025 06:50:00,22.86,0.00,,,,
428,07/24/2025 06:55:00,22.86,0.00,,,,
429,07/24/2025 07:00:00,22.82,0.00,,,,
430,07/24/2025 07:05:00,22.82,0.00,,,,
431,07/24/2025 07:10:00,22.82,0.00,,,,
432,07/24/2025 07:15:00,22.86,0.00,,,,
433,07/24/2025 07:20:00,22.86,0.00,,,,
434,07/24/2025 07:25:00,22.86,0.00,,,,
435,07/24/2025 07:30:00,22.91,0.00,,,,
436,07/24/2025 07:35:00,22.86,0.00,,,,
437,07/24/2025 07:40:00,22.86,0.00,,,,
438,07/24/2025 07:45:00,22.91,0.00,,,,
439,07/24/2025 07:50:00,22.91,0.00,,,,
440,07/24/2025 07:55:00,22.91,0.00,,,,
441,07/24/2025 08:00:00,22.95,0.00,,,,
442,07/24/2025 08:05:00,22.95,0.00,,,,
443,07/24/2025 08:10:00,22.95,0.00,,,,
444,07/24/2025 08:15:00,22.99,0.00,,,,
445,07/24/2025 08:20:00,22.99,0.00,,,,
446,07/24/2025 08:25:00,22.95,0.00,,,,
447,07/24/2025 08:30:00,22.95,0.00,,,,
448,07/24/2025 08:35:00,22.91,0.00,,,,
449,07/24/2025 08:40:00,22.95,0.00,,,,
450,07/24/2025 08:45:00,22.95,0.00,,,,
451,07/24/2025 08:50:00,22.95,0.00,,,,
452,07/24/2025 08:55:00,22.95,0.00,,,,
453,07/24/2025 09:00:00,22.95,0.00,,,,
454,07/24/2025 09:05:00,22.95,0.00,,,,
455,07/24/2025 09:10:00,22.99,0.00,,,,
456,07/24/2025 09:15:00,22.95,0.00,,,,
457,07/24/2025 09:20:00,22.95,0.00,,,,
458,07/24/2025 09:25:00,22.99,0.00,,,,
459,07/24/2025 09:30:00,22.95,1.08,,,,
460,07/24/2025 09:35:00,22.95,2.60,,,,
461,07/24/2025 09:40:00,22.95,5.42,,,,
462,07/24/2025 09:45:00,22.91,7.81,,,,
463,07/24/2025 09:50:00,22.95,11.52,,,,
464,07/24/2025 09:55:00,22.91,16.76,,,,
465,07/24/2025 10:00:00,22.99,21.97,,,,
466,07/24/2025 10:05:00,22.95,29.37,,,,
467,07/24/2025 10:10:00,22.95,37.43,,,,
468,07/24/2025 10:15:00,22.95,49.64,,,,
469,07/24/2025 10:20:00,22.91,60.54,,,,
470,07/24/2025 10:25:00,22.91,71.00,,,,
471,07/24/2025 10:30:00,22.91,79.26,,,,
472,07/24/2025 10:35:00,22.86,91.44,,,,
473,07/24/2025 10:40:00,22.91,104.56,,,,
474,07/24/2025 10:45:00,22.86,114.12,,,,
475,07/24/2025 10:50:00,22.91,121.08,,,,
476,07/24/2025 10:55:00,22.91,133.32,,,,
477,07/24/2025 11:00:00,22.86,143.76,,,,
478,07/24/2025 11:05:00,22.91,155.88,,,,
479,07/24/2025 11:10:00,22.95,146.36,,,,
480,07/24/2025 11:15:00,22.86,163.76,,,,
481,07/24/2025 11:20:00,22.91,186.48,,,,
482,07/24/2025 11:25:00,22.86,177.76,,,,
483,07/24/2025 11:30:00,22.86,175.92,,,,
484,07/24/2025 11:35:00,22.95,148.96,,,,
485,07/24/2025 11:40:00,22.91,167.28,,,,
486,07/24/2025 11:45:00,22.91,208.32,,,,
487,07/24/2025 11:50:00,22.86,253.68,,,,
488,07/24/2025 11:55:00,22.86,372.16,,,,
489,07/24/2025 12:00:00,22.91,341.76,,,,
490,07/24/2025 12:05:00,22.86,360.80,,,,
491,07/24/2025 12:10:00,22.86,366.08,,,,
492,07/24/2025 12:15:00,22.86,370.40,,,,
493,07/24/2025 12:20:00,22.91,375.52,,,,
494,07/24/2025 12:25:00,22.82,379.84,,,,
495,07/24/2025 12:30:00,22.78,373.76,,,,
496,07/24/2025 12:35:00,22.82,379.04,,,,
497,07/24/2025 12:40:00,22.82,358.24,,,,
498,07/24/2025 12:45:00,22.82,361.60,,,,
499,07/24/2025 12:50:00,22.86,382.56,,,,
500,07/24/2025 12:55:00,22.82,349.44,,,,
501,07/24/2025 13:00:00,22.78,364.32,,,,
502,07/24/2025 13:05:00,22.78,364.32,,,,
503,07/24/2025 13:10:00,22.73,350.40,,,,
504,07/24/2025 13:15:00,22.73,183.84,,,,
505,07/24/2025 13:20:00,22.78,318.08,,,,
506,07/24/2025 13:25:00,22.73,282.48,,,,
507,07/24/2025 13:30:00,22.82,394.88,,,,
508,07/24/2025 13:35:00,22.82,329.28,,,,
509,07/24/2025 13:40:00,22.82,315.52,,,,
510,07/24/2025 13:45:00,22.86,427.84,,,,
511,07/24/2025 13:50:00,22.78,394.88,,,,
512,07/24/2025 13:55:00,22.82,405.28,,,,
513,07/24/2025 14:00:00,22.82,420.00,,,,
514,07/24/2025 14:05:00,22.86,427.04,,,,
515,07/24/2025 14:10:00,22.82,417.44,,,,
516,07/24/2025 14:15:00,22.82,421.76,,,,
517,07/24/2025 14:20:00,22.86,442.56,,,,
518,07/24/2025 14:25:00,22.91,431.36,,,,
519,07/24/2025 14:30:00,22.82,431.36,,,,
520,07/24/2025 14:35:00,22.91,438.24,,,,
521,07/24/2025 14:40:00,22.86,444.32,,,,
522,07/24/2025 14:45:00,22.91,424.32,,,,
523,07/24/2025 14:50:00,22.91,449.60,,,,
524,07/24/2025 14:55:00,22.91,430.40,,,,
525,07/24/2025 15:00:00,22.91,448.64,,,,
526,07/24/2025 15:05:00,22.91,414.88,,,,
527,07/24/2025 15:10:00,22.91,451.36,,,,
528,07/24/2025 15:15:00,22.91,451.36,,,,
529,07/24/2025 15:20:00,22.91,451.36,,,,
530,07/24/2025 15:25:00,22.86,456.48,,,,
531,07/24/2025 15:30:00,22.91,466.08,,,,
532,07/24/2025 15:35:00,22.95,428.80,,,,
533,07/24/2025 15:40:00,22.86,458.24,,,,
534,07/24/2025 15:45:00,22.95,447.84,,,,
535,07/24/2025 15:50:00,22.86,449.60,,,,
536,07/24/2025 15:55:00,22.91,459.04,,,,
537,07/24/2025 16:00:00,22.91,474.72,,,,
538,07/24/2025 16:05:00,22.95,515.04,,,,
539,07/24/2025 16:10:00,22.95,492.48,,,,
540,07/24/2025 16:15:00,22.86,508.96,,,,
541,07/24/2025 16:20:00,22.91,513.28,,,,
542,07/24/2025 16:25:00,22.86,476.48,,,,
543,07/24/2025 16:30:00,22.91,470.40,,,,
544,07/24/2025 16:35:00,22.78,488.16,,,,
545,07/24/2025 16:40:00,22.73,503.84,,,,
546,07/24/2025 16:45:00,22.78,486.88,,,,
547,07/24/2025 16:50:00,22.78,454.72,,,,
548,07/24/2025 16:55:00,22.78,454.72,,,,
549,07/24/2025 17:00:00,22.82,453.92,,,,
550,07/24/2025 17:05:00,22.82,446.88,,,,
551,07/24/2025 17:10:00,22.78,451.36,,,,
552,07/24/2025 17:15:00,22.82,460.80,,,,
553,07/24/2025 17:20:00,22.78,475.52,,,,
554,07/24/2025 17:25:00,22.82,716.48,,,,
555,07/24/2025 17:30:00,22.73,748.48,,,,
556,07/24/2025 17:35:00,22.86,743.36,,,,
557,07/24/2025 17:40:00,22.82,797.12,,,,
558,07/24/2025 17:45:00,22.86,827.20,,,,
559,07/24/2025 17:50:00,22.86,868.80,,,,
560,07/24/2025 17:55:00,22.82,819.20,,,,
561,07/24/2025 18:00:00,22.86,804.80,,,,
562,07/24/2025 18:05:00,22.82,443.52,,,,
563,07/24/2025 18:10:00,22.82,595.36,,,,
564,07/24/2025 18:15:00,22.82,475.52,,,,
565,07/24/2025 18:20:00,22.78,415.68,,,,
566,07/24/2025 18:25:00,22.78,833.28,,,,
567,07/24/2025 18:30:00,22.82,452.96,,,,
568,07/24/2025 18:35:00,22.78,415.68,,,,
569,07/24/2025 18:40:00,22.78,381.60,,,,
570,07/24/2025 18:45:00,22.82,1024.00,,,,
571,07/24/2025 18:50:00,22.82,972.16,,,,
572,07/24/2025 18:55:00,22.82,827.20,,,,
573,07/24/2025 19:00:00,22.82,413.92,,,,
574,07/24/2025 19:05:00,22.82,623.20,,,,
575,07/24/2025 19:10:00,22.82,799.36,,,,
576,07/24/2025 19:15:00,22.82,907.84,,,,
577,07/24/2025 19:20:00,22.86,975.36,,,,
578,07/24/2025 19:25:00,22.86,953.92,,,,
579,07/24/2025 19:30:00,22.82,902.72,,,,
580,07/24/2025 19:35:00,22.91,911.68,,,,
581,07/24/2025 19:40:00,22.95,785.92,,,,
582,07/24/2025 19:45:00,22.95,799.36,,,,
583,07/24/2025 19:50:00,22.99,764.16,,,,
584,07/24/2025 19:55:00,22.99,805.44,,,,
585,07/24/2025 20:00:00,23.03,852.16,,,,
586,07/24/2025 20:05:00,23.08,872.96,,,,
587,07/24/2025 20:10:00,23.03,848.00,,,,
588,07/24/2025 20:15:00,23.08,919.04,,,,
589,07/24/2025 20:20:00,23.12,793.60,,,,
590,07/24/2025 20:25:00,23.16,804.48,,,,
591,07/24/2025 20:30:00,23.12,671.68,,,,
592,07/24/2025 20:35:00,23.12,718.08,,,,
593,07/24/2025 20:40:00,23.12,711.04,,,,
594,07/24/2025 20:45:00,23.16,762.24,,,,
595,07/24/2025 20:50:00,23.12,680.96,,,,
596,07/24/2025 20:55:00,23.16,657.92,,,,
597,07/24/2025 21:00:00,23.16,661.12,,,,
598,07/24/2025 21:05:00,23.16,546.40,,,,
599,07/24/2025 21:10:00,23.21,522.08,,,,
600,07/24/2025 21:15:00,23.16,517.76,,,,
601,07/24/2025 21:20:00,23.21,587.52,,,,
602,07/24/2025 21:25:00,23.21,528.16,,,,
603,07/24/2025 21:30:00,23.16,554.08,,,,
604,07/24/2025 21:35:00,23.21,548.00,,,,
605,07/24/2025 21:40:00,23.21,541.12,,,,
606,07/24/2025 21:45:00,23.21,423.52,,,,
607,07/24/2025 21:50:00,23.12,405.28,,,,
608,07/24/2025 21:55:00,23.12,466.08,,,,
609,07/24/2025 22:00:00,23.16,332.00,,,,
610,07/24/2025 22:05:00,23.12,346.88,,,,
611,07/24/2025 22:10:00,23.16,405.28,,,,
612,07/24/2025 22:15:00,23.12,363.36,,,,
613,07/24/2025 22:20:00,23.16,285.12,,,,
614,07/24/2025 22:25:00,23.16,253.68,,,,
615,07/24/2025 22:30:00,23.12,277.28,,,,
616,07/24/2025 22:35:00,23.16,245.84,,,,
617,07/24/2025 22:40:00,23.16,216.96,,,,
618,07/24/2025 22:45:00,23.16,197.04,,,,
619,07/24/2025 22:50:00,23.21,213.52,,,,
620,07/24/2025 22:55:00,23.21,187.36,,,,
621,07/24/2025 23:00:00,23.16,181.28,,,,
622,07/24/2025 23:05:00,23.16,162.96,,,,
623,07/24/2025 23:10:00,23.12,123.80,,,,
624,07/24/2025 23:15:00,23.12,93.20,,,,
625,07/24/2025 23:20:00,23.16,85.36,,,,
626,07/24/2025 23:25:00,23.12,77.52,,,,
627,07/24/2025 23:30:00,23.12,66.18,,,,
628,07/24/2025 23:35:00,23.12,57.50,,,,
629,07/24/2025 23:40:00,23.12,50.94,,,,
630,07/24/2025 23:45:00,23.16,40.52,,,,
631,07/24/2025 23:50:00,23.12,32.22,,,,
632,07/24/2025 23:55:00,23.08,22.65,,,,
633,07/25/2025 00:00:00,23.12,17.63,,,,
634,07/25/2025 00:05:00,23.08,12.83,,,,
635,07/25/2025 00:10:00,23.08,8.46,,,,
636,07/25/2025 00:15:00,23.03,5.20,,,,
637,07/25/2025 00:20:00,23.08,2.82,,,,
638,07/25/2025 00:25:00,23.03,1.73,,,,
639,07/25/2025 00:30:00,23.08,0.43,,,,
640,07/25/2025 00:35:00,23.08,0.00,,,,
641,07/25/2025 00:40:00,23.08,0.00,,,,
642,07/25/2025 00:45:00,23.03,0.00,,,,
643,07/25/2025 00:50:00,22.95,0.00,,,,
644,07/25/2025 00:55:00,22.95,0.00,,,,
645,07/25/2025 01:00:00,22.95,0.00,,,,
646,07/25/2025 01:05:00,22.95,0.00,,,,
647,07/25/2025 01:10:00,22.91,0.00,,,,
648,07/25/2025 01:15:00,22.95,0.00,,,,
649,07/25/2025 01:20:00,22.91,0.00,,,,
650,07/25/2025 01:25:00,22.91,0.00,,,,
651,07/25/2025 01:30:00,22.95,0.00,,,,
652,07/25/2025 01:35:00,22.91,0.00,,,,
653,07/25/2025 01:40:00,22.91,0.00,,,,
654,07/25/2025 01:45:00,22.91,0.00,,,,
655,07/25/2025 01:50:00,22.91,0.00,,,,
656,07/25/2025 01:55:00,22.91,0.00,,,,
657,07/25/2025 02:00:00,22.95,0.00,,,,
658,07/25/2025 02:05:00,22.91,0.00,,,,
659,07/25/2025 02:10:00,22.95,0.00,,,,
660,07/25/2025 02:15:00,22.95,0.00,,,,
661,07/25/2025 02:20:00,22.95,0.00,,,,
662,07/25/2025 02:25:00,22.99,0.00,,,,
663,07/25/2025 02:30:00,22.95,0.00,,,,
664,07/25/2025 02:35:00,22.95,0.00,,,,
665,07/25/2025 02:40:00,22.95,0.00,,,,
666,07/25/2025 02:45:00,22.99,0.00,,,,
667,07/25/2025 02:50:00,22.95,0.00,,,,
668,07/25/2025 02:55:00,22.99,0.00,,,,
669,07/25/2025 03:00:00,22.99,0.00,,,,
670,07/25/2025 03:05:00,22.95,0.00,,,,
671,07/25/2025 03:10:00,22.95,0.00,,,,
672,07/25/2025 03:15:00,22.99,0.00,,,,
673,07/25/2025 03:20:00,22.91,0.00,,,,
674,07/25/2025 03:25:00,22.99,0.00,,,,
675,07/25/2025 03:30:00,22.95,0.00,,,,
676,07/25/2025 03:35:00,22.99,0.00,,,,
677,07/25/2025 03:40:00,22.99,0.00,,,,
678,07/25/2025 03:45:00,23.03,0.00,,,,
679,07/25/2025 03:50:00,23.03,0.00,,,,
680,07/25/2025 03:55:00,22.95,0.00,,,,
681,07/25/2025 04:00:00,22.99,0.00,,,,
682,07/25/2025 04:05:00,22.99,0.00,,,,
683,07/25/2025 04:10:00,22.99,0.00,,,,
684,07/25/2025 04:15:00,22.99,0.00,,,,
685,07/25/2025 04:20:00,22.99,0.00,,,,
686,07/25/2025 04:25:00,23.03,0.00,,,,
687,07/25/2025 04:30:00,22.99,0.00,,,,
688,07/25/2025 04:30:05,,,,Logged,Logged,
689,07/25/2025 04:30:06,,,,Logged,Logged,
690,07/25/2025 04:35:00,23.08,0.00,,,,
691,07/25/2025 04:40:00,23.08,0.00,,,,
692,07/25/2025 04:45:00,23.03,0.00,,,,
693,07/25/2025 04:50:00,23.12,0.00,,,,
694,07/25/2025 04:55:00,23.12,0.00,,,,
695,07/25/2025 05:00:00,23.08,0.00,,,,
696,07/25/2025 05:05:00,23.12,0.00,,,,
697,07/25/2025 05:10:00,23.08,0.00,,,,
698,07/25/2025 05:15:00,23.08,0.00,,,,
699,07/25/2025 05:20:00,23.08,0.00,,,,
700,07/25/2025 05:25:00,23.03,0.00,,,,
701,07/25/2025 05:30:00,23.08,0.00,,,,
702,07/25/2025 05:35:00,23.03,0.00,,,,
703,07/25/2025 05:40:00,23.03,0.00,,,,
704,07/25/2025 05:45:00,23.03,0.00,,,,
705,07/25/2025 05:50:00,23.08,0.00,,,,
706,07/25/2025 05:55:00,23.08,0.00,,,,
707,07/25/2025 06:00:00,23.08,0.00,,,,
708,07/25/2025 06:05:00,23.08,0.00,,,,
709,07/25/2025 06:10:00,23.08,0.00,,,,
710,07/25/2025 06:15:00,23.03,0.00,,,,
711,07/25/2025 06:20:00,23.08,0.00,,,,
712,07/25/2025 06:25:00,23.03,0.00,,,,
713,07/25/2025 06:30:00,23.03,0.00,,,,
714,07/25/2025 06:35:00,23.03,0.00,,,,
715,07/25/2025 06:40:00,23.08,0.00,,,,
716,07/25/2025 06:45:00,23.03,0.00,,,,
717,07/25/2025 06:50:00,23.08,0.00,,,,
718,07/25/2025 06:55:00,23.03,0.00,,,,
719,07/25/2025 07:00:00,23.03,0.00,,,,
720,07/25/2025 07:05:00,23.03,0.00,,,,
721,07/25/2025 07:10:00,23.03,0.00,,,,
722,07/25/2025 07:15:00,22.99,0.00,,,,
723,07/25/2025 07:20:00,22.99,0.00,,,,
724,07/25/2025 07:25:00,23.03,0.00,,,,
725,07/25/2025 07:30:00,22.99,0.00,,,,
726,07/25/2025 07:35:00,22.99,0.00,,,,
727,07/25/2025 07:40:00,22.91,0.00,,,,
728,07/25/2025 07:45:00,22.95,0.00,,,,
729,07/25/2025 07:50:00,22.91,0.00,,,,
730,07/25/2025 07:55:00,22.91,0.00,,,,
731,07/25/2025 08:00:00,22.86,0.00,,,,
732,07/25/2025 08:05:00,22.91,0.00,,,,
733,07/25/2025 08:10:00,22.86,0.00,,,,
734,07/25/2025 08:15:00,22.86,0.00,,,,
735,07/25/2025 08:20:00,22.82,0.00,,,,
736,07/25/2025 08:25:00,22.82,0.00,,,,
737,07/25/2025 08:30:00,22.82,0.00,,,,
738,07/25/2025 08:35:00,22.82,0.00,,,,
739,07/25/2025 08:40:00,22.78,0.00,,,,
740,07/25/2025 08:45:00,22.73,0.00,,,,
741,07/25/2025 08:50:00,22.78,0.00,,,,
742,07/25/2025 08:55:00,22.69,0.00,,,,
743,07/25/2025 09:00:00,22.73,0.00,,,,
744,07/25/2025 09:05:00,22.73,0.00,,,,
745,07/25/2025 09:10:00,22.73,0.00,,,,
746,07/25/2025 09:15:00,22.69,0.00,,,,
747,07/25/2025 09:20:00,22.73,0.00,,,,
748,07/25/2025 09:25:00,22.69,0.00,,,,
749,07/25/2025 09:30:00,22.65,0.43,,,,
750,07/25/2025 09:35:00,22.65,1.51,,,,
751,07/25/2025 09:40:00,22.65,3.25,,,,
752,07/25/2025 09:45:00,22.69,5.64,,,,
753,07/25/2025 09:50:00,22.61,9.11,,,,
754,07/25/2025 09:55:00,22.69,13.26,,,,
755,07/25/2025 10:00:00,22.56,17.84,,,,
756,07/25/2025 10:05:00,22.56,24.16,,,,
757,07/25/2025 10:10:00,22.61,29.62,,,,
758,07/25/2025 10:15:00,22.61,36.99,,,,
759,07/25/2025 10:20:00,22.56,43.98,,,,
760,07/25/2025 10:25:00,22.52,52.24,,,,
761,07/25/2025 10:30:00,22.52,57.94,,,,
762,07/25/2025 10:35:00,22.43,69.22,,,,
763,07/25/2025 10:40:00,22.43,81.42,,,,
764,07/25/2025 10:45:00,22.39,88.84,,,,
765,07/25/2025 10:50:00,22.39,100.24,,,,
766,07/25/2025 10:55:00,22.43,108.04,,,,
767,07/25/2025 11:00:00,22.43,119.32,,,,
768,07/25/2025 11:05:00,22.35,131.60,,,,
769,07/25/2025 11:10:00,22.35,142.00,,,,
770,07/25/2025 11:15:00,22.39,161.20,,,,
771,07/25/2025 11:20:00,22.39,177.68,,,,
772,07/25/2025 11:25:00,22.35,191.76,,,,
773,07/25/2025 11:30:00,22.35,198.72,,,,
774,07/25/2025 11:35:00,22.31,207.44,,,,
775,07/25/2025 11:40:00,22.39,210.88,,,,
776,07/25/2025 11:45:00,22.35,235.44,,,,
777,07/25/2025 11:50:00,22.31,233.44,,,,
778,07/25/2025 11:55:00,22.35,244.96,,,,
779,07/25/2025 12:00:00,22.35,244.96,,,,
780,07/25/2025 12:05:00,22.31,243.20,,,,
781,07/25/2025 12:10:00,22.39,240.64,,,,
782,07/25/2025 12:15:00,22.31,334.72,,,,
783,07/25/2025 12:20:00,22.35,427.04,,,,
784,07/25/2025 12:25:00,22.35,465.60,,,,
785,07/25/2025 12:30:00,22.35,479.52,,,,
786,07/25/2025 12:35:00,22.31,563.68,,,,
787,07/25/2025 12:40:00,22.39,605.76,,,,
788,07/25/2025 12:45:00,22.35,545.44,,,,
789,07/25/2025 12:50:00,22.35,530.72,,,,
790,07/25/2025 12:55:00,22.35,521.12,,,,
791,07/25/2025 13:00:00,22.35,432.16,,,,
792,07/25/2025 13:05:00,22.31,413.92,,,,
793,07/25/2025 13:10:00,22.35,389.60,,,,
794,07/25/2025 13:15:00,22.31,388.80,,,,
795,07/25/2025 13:20:00,22.31,359.04,,,,
796,07/25/2025 13:25:00,22.31,335.36,,,,
797,07/25/2025 13:30:00,22.31,315.52,,,,
798,07/25/2025 13:35:00,22.26,318.96,,,,
799,07/25/2025 13:40:00,22.31,307.68,,,,
800,07/25/2025 13:45:00,22.22,306.80,,,,
801,07/25/2025 13:50:00,22.22,305.92,,,,
802,07/25/2025 13:55:00,22.18,303.36,,,,
803,07/25/2025 14:00:00,22.13,301.60,,,,
804,07/25/2025 14:05:00,22.09,301.60,,,,
805,07/25/2025 14:10:00,22.09,296.40,,,,
806,07/25/2025 14:15:00,22.09,299.84,,,,
807,07/25/2025 14:20:00,22.09,282.48,,,,
808,07/25/2025 14:25:00,22.09,292.08,,,,
809,07/25/2025 14:30:00,22.09,298.96,,,,
810,07/25/2025 14:35:00,22.05,290.32,,,,
811,07/25/2025 14:40:00,22.09,294.64,,,,
812,07/25/2025 14:45:00,22.09,286.88,,,,
813,07/25/2025 14:50:00,22.09,282.32,,,,
814,07/25/2025 14:55:00,22.09,298.96,,,,
815,07/25/2025 15:00:00,22.13,284.24,,,,
816,07/25/2025 15:05:00,22.13,270.16,,,,
817,07/25/2025 15:10:00,22.22,278.80,,,,
818,07/25/2025 15:15:00,22.22,290.08,,,,
819,07/25/2025 15:20:00,22.22,286.00,,,,
820,07/25/2025 15:25:00,22.18,280.56,,,,
821,07/25/2025 15:30:00,22.26,277.92,,,,
822,07/25/2025 15:35:00,22.31,268.40,,,,
823,07/25/2025 15:40:00,22.26,282.48,,,,
824,07/25/2025 15:45:00,22.31,263.20,,,,
825,07/25/2025 15:50:00,22.31,280.56,,,,
826,07/25/2025 15:55:00,22.31,277.92,,,,
827,07/25/2025 16:00:00,22.35,263.20,,,,
828,07/25/2025 16:05:00,22.31,254.48,,,,
829,07/25/2025 16:10:00,22.39,238.00,,,,
830,07/25/2025 16:15:00,22.39,245.84,,,,
831,07/25/2025 16:20:00,22.52,248.40,,,,
832,07/25/2025 16:25:00,22.43,239.76,,,,
833,07/25/2025 16:30:00,22.43,244.96,,,,
834,07/25/2025 16:35:00,22.65,251.04,,,,
835,07/25/2025 16:40:00,22.65,239.76,,,,
836,07/25/2025 16:45:00,22.65,237.12,,,,
837,07/25/2025 16:50:00,22.65,246.72,,,,
838,07/25/2025 16:55:00,22.65,237.12,,,,
839,07/25/2025 17:00:00,22.65,244.08,,,,
840,07/25/2025 17:05:00,22.65,255.36,,,,
841,07/25/2025 17:10:00,22.73,236.24,,,,
842,07/25/2025 17:15:00,22.69,216.08,,,,
843,07/25/2025 17:20:00,22.69,231.92,,,,
844,07/25/2025 17:25:00,22.65,93.20,,,,
845,07/25/2025 17:30:00,22.69,279.04,,,,
846,07/25/2025 17:35:00,22.61,253.68,,,,
847,07/25/2025 17:40:00,22.65,56.58,,,,
848,07/25/2025 17:45:00,22.56,59.66,,,,
849,07/25/2025 17:50:00,22.61,224.96,,,,
850,07/25/2025 17:55:00,22.61,210.00,,,,
851,07/25/2025 18:00:00,22.65,226.72,,,,
852,07/25/2025 18:05:00,22.61,74.04,,,,
853,07/25/2025 18:10:00,22.61,270.16,,,,
854,07/25/2025 18:15:00,22.61,271.04,,,,
855,07/25/2025 18:20:00,22.56,79.68,,,,
856,07/25/2025 18:25:00,22.56,82.32,,,,
857,07/25/2025 18:30:00,22.56,51.36,,,,
858,07/25/2025 18:35:00,22.56,308.56,,,,
859,07/25/2025 18:40:00,22.56,297.28,,,,
860,07/25/2025 18:45:00,22.56,389.60,,,,
861,07/25/2025 18:50:00,22.56,388.64,,,,
862,07/25/2025 18:55:00,22.56,115.00,,,,
863,07/25/2025 19:00:00,22.52,407.84,,,,
864,07/25/2025 19:05:00,22.52,89.72,,,,
865,07/25/2025 19:10:00,22.48,80.98,,,,
866,07/25/2025 19:15:00,22.48,70.58,,,,
867,07/25/2025 19:20:00,22.48,446.88,,,,
868,07/25/2025 19:25:00,22.43,440.00,,,,
869,07/25/2025 19:30:00,22.39,318.96,,,,
870,07/25/2025 19:35:00,22.43,83.64,,,,
871,07/25/2025 19:40:00,22.43,99.36,,,,
872,07/25/2025 19:45:00,22.43,109.80,,,,
873,07/25/2025 19:50:00,22.43,75.78,,,,
874,07/25/2025 19:55:00,22.39,28.29,,,,
875,07/25/2025 20:00:00,22.43,27.42,,,,
876,07/25/2025 20:05:00,22.39,20.45,,,,
877,07/25/2025 20:10:00,22.43,21.53,,,,
878,07/25/2025 20:15:00,22.39,17.84,,,,
879,07/25/2025 20:20:00,22.43,28.50,,,,
880,07/25/2025 20:25:00,22.39,47.46,,,,
881,07/25/2025 20:30:00,22.39,70.58,,,,
882,07/25/2025 20:35:00,22.48,102.84,,,,
883,07/25/2025 20:40:00,22.39,146.36,,,,
884,07/25/2025 20:45:00,22.39,472.48,,,,
885,07/25/2025 20:50:00,22.39,438.24,,,,
886,07/25/2025 20:55:00,22.39,439.20,,,,
887,07/25/2025 21:00:00,22.39,439.20,,,,
888,07/25/2025 21:05:00,22.43,425.28,,,,
889,07/25/2025 21:10:00,22.39,121.08,,,,
890,07/25/2025 21:15:00,22.39,130.72,,,,
891,07/25/2025 21:20:00,22.39,92.32,,,,
892,07/25/2025 21:25:00,22.39,135.92,,,,
893,07/25/2025 21:30:00,22.39,177.76,,,,
894,07/25/2025 21:35:00,22.39,140.28,,,,
895,07/25/2025 21:40:00,22.39,155.12,,,,
896,07/25/2025 21:45:00,22.31,148.08,,,,
897,07/25/2025 21:50:00,22.35,157.76,,,,
898,07/25/2025 21:55:00,22.39,262.32,,,,
899,07/25/2025 22:00:00,22.35,228.24,,,,
900,07/25/2025 22:05:00,22.35,335.36,,,,
901,07/25/2025 22:10:00,22.39,323.28,,,,
902,07/25/2025 22:15:00,22.35,238.88,,,,
903,07/25/2025 22:20:00,22.39,191.76,,,,
904,07/25/2025 22:25:00,22.35,281.60,,,,
905,07/25/2025 22:30:00,22.35,171.60,,,,
906,07/25/2025 22:35:00,22.43,213.52,,,,
907,07/25/2025 22:40:00,22.39,185.60,,,,
908,07/25/2025 22:45:00,22.39,148.96,,,,
909,07/25/2025 22:50:00,22.43,117.60,,,,
910,07/25/2025 22:55:00,22.39,107.20,,,,
911,07/25/2025 23:00:00,22.43,98.52,,,,
912,07/25/2025 23:05:00,22.39,85.36,,,,
913,07/25/2025 23:10:00,22.39,71.44,,,,
914,07/25/2025 23:15:00,22.35,62.70,,,,
915,07/25/2025 23:20:00,22.35,60.10,,,,
916,07/25/2025 23:25:00,22.39,47.02,,,,
917,07/25/2025 23:30:00,22.35,36.61,,,,
918,07/25/2025 23:35:00,22.31,33.96,,,,
919,07/25/2025 23:40:00,22.35,32.65,,,,
920,07/25/2025 23:45:00,22.31,37.05,,,,
921,07/25/2025 23:50:00,22.35,32.00,,,,
922,07/25/2025 23:55:00,22.39,27.42,,,,
923,07/26/2025 00:00:00,22.35,20.66,,,,
924,07/26/2025 00:05:00,22.31,15.89,,,,
925,07/26/2025 00:10:00,22.31,9.76,,,,
926,07/26/2025 00:15:00,22.31,5.85,,,,
927,07/26/2025 00:20:00,22.31,3.25,,,,
928,07/26/2025 00:25:00,22.26,1.95,,,,
929,07/26/2025 00:30:00,22.31,0.86,,,,
930,07/26/2025 00:35:00,22.31,0.21,,,,
931,07/26/2025 00:40:00,22.26,0.00,,,,
932,07/26/2025 00:45:00,22.26,0.00,,,,
933,07/26/2025 00:50:00,22.26,0.00,,,,
934,07/26/2025 00:55:00,22.26,0.00,,,,
935,07/26/2025 01:00:00,22.26,0.00,,,,
936,07/26/2025 01:05:00,22.26,0.00,,,,
937,07/26/2025 01:10:00,22.26,0.00,,,,
938,07/26/2025 01:15:00,22.26,0.00,,,,
939,07/26/2025 01:20:00,22.26,0.00,,,,
940,07/26/2025 01:25:00,22.22,0.00,,,,
941,07/26/2025 01:30:00,22.22,0.00,,,,
942,07/26/2025 01:35:00,22.18,0.00,,,,
943,07/26/2025 01:40:00,22.13,0.00,,,,
944,07/26/2025 01:45:00,22.09,0.00,,,,
945,07/26/2025 01:50:00,22.05,0.00,,,,
946,07/26/2025 01:55:00,22.05,0.00,,,,
947,07/26/2025 02:00:00,21.96,0.00,,,,
948,07/26/2025 02:05:00,21.92,0.00,,,,
949,07/26/2025 02:10:00,21.88,0.00,,,,
950,07/26/2025 02:15:00,21.83,0.00,,,,
951,07/26/2025 02:20:00,21.83,0.00,,,,
952,07/26/2025 02:25:00,21.79,0.00,,,,
953,07/26/2025 02:30:00,21.75,0.00,,,,
954,07/26/2025 02:35:00,21.83,0.00,,,,
955,07/26/2025 02:40:00,21.75,0.00,,,,
956,07/26/2025 02:45:00,21.79,0.00,,,,
957,07/26/2025 02:50:00,21.75,0.00,,,,
958,07/26/2025 02:55:00,21.79,0.00,,,,
959,07/26/2025 03:00:00,21.83,0.00,,,,
960,07/26/2025 03:05:00,21.83,0.00,,,,
961,07/26/2025 03:10:00,21.79,0.00,,,,
962,07/26/2025 03:15:00,21.88,0.00,,,,
963,07/26/2025 03:20:00,21.88,0.00,,,,
964,07/26/2025 03:25:00,21.92,0.00,,,,
965,07/26/2025 03:30:00,21.92,0.00,,,,
966,07/26/2025 03:35:00,22.01,0.00,,,,
967,07/26/2025 03:40:00,22.09,0.00,,,,
968,07/26/2025 03:45:00,22.09,0.00,,,,
969,07/26/2025 03:50:00,22.09,0.00,,,,
970,07/26/2025 03:55:00,22.18,0.00,,,,
971,07/26/2025 04:00:00,22.13,0.00,,,,
972,07/26/2025 04:05:00,22.26,0.00,,,,
973,07/26/2025 04:10:00,22.18,0.00,,,,
974,07/26/2025 04:15:00,22.26,0.00,,,,
975,07/26/2025 04:20:00,22.22,0.00,,,,
976,07/26/2025 04:25:00,22.22,0.00,,,,
977,07/26/2025 04:30:00,22.26,0.00,,,,
978,07/26/2025 04:30:04,,,,Logged,Logged,
979,07/26/2025 04:30:05,,,,Logged,Logged,
980,07/26/2025 04:35:00,22.95,0.00,,,,
981,07/26/2025 04:40:00,22.99,0.00,,,,
982,07/26/2025 04:45:00,23.03,0.00,,,,
983,07/26/2025 04:50:00,22.99,0.00,,,,
984,07/26/2025 04:52:47,,,,Logged,,
985,07/26/2025 04:52:48,,,,,Logged,
986,07/26/2025 04:52:51,,,,Logged,,
987,07/26/2025 04:53:22,,,,,Logged,
988,07/26/2025 04:53:24,,,,Logged,,
989,07/26/2025 04:53:26,,,,,Logged,
990,07/26/2025 04:53:27,,,,Logged,,
991,07/26/2025 04:53:33,,,,,Logged,
992,07/26/2025 04:53:34,,,,Logged,,
993,07/26/2025 04:55:00,23.08,0.00,,,,
994,07/26/2025 04:56:27,,,,,Logged,
995,07/26/2025 04:56:28,,,,Logged,,
996,07/26/2025 04:56:30,,,,,Logged,
997,07/26/2025 04:56:32,,,,Logged,,
998,07/26/2025 04:56:34,,,,,Logged,
999,07/26/2025 04:56:35,,,,Logged,,
1000,07/26/2025 04:56:47,,,,,Logged,
1001,07/26/2025 04:56:48,,,,Logged,,
1002,07/26/2025 04:56:50,,,,,Logged,
1003,07/26/2025 04:56:51,,,,Logged,,
1004,07/26/2025 05:00:00,22.99,0.00,,,,
1005,07/26/2025 05:05:00,22.99,0.00,,,,
1006,07/26/2025 05:10:00,22.99,0.00,,,,
1007,07/26/2025 05:15:00,23.03,0.00,,,,
1008,07/26/2025 05:20:00,23.08,0.00,,,,
1009,07/26/2025 05:25:00,23.08,0.00,,,,
1010,07/26/2025 05:30:00,23.08,0.00,,,,
1011,07/26/2025 05:35:00,23.08,0.00,,,,
1012,07/26/2025 05:40:00,23.03,0.00,,,,
1013,07/26/2025 05:45:00,23.03,0.00,,,,
1014,07/26/2025 05:48:48,,,,,Logged,
1015,07/26/2025 05:50:00,22.99,0.00,,,,
1016,07/26/2025 05:55:00,23.03,0.00,,,,
1017,07/26/2025 06:00:00,22.99,0.00,,,,
1018,07/26/2025 06:05:00,22.99,0.00,,,,
1019,07/26/2025 06:10:00,22.99,0.00,,,,
1020,07/26/2025 06:15:00,22.99,0.00,,,,
1021,07/26/2025 06:20:00,23.03,0.00,,,,
1022,07/26/2025 06:25:00,22.99,0.00,,,,
1023,07/26/2025 06:30:00,22.91,0.00,,,,
1024,07/26/2025 06:35:00,22.95,0.00,,,,
1025,07/26/2025 06:40:00,22.91,0.00,,,,
1026,07/26/2025 06:45:00,22.86,0.00,,,,
1027,07/26/2025 06:50:00,22.78,0.00,,,,
1028,07/26/2025 06:55:00,22.78,0.00,,,,
1029,07/26/2025 07:00:00,22.73,0.00,,,,
1030,07/26/2025 07:05:00,22.65,0.00,,,,
1031,07/26/2025 07:10:00,22.65,0.00,,,,
1032,07/26/2025 07:15:00,22.65,0.00,,,,
1033,07/26/2025 07:20:00,22.61,0.00,,,,
1034,07/26/2025 07:25:00,22.52,0.00,,,,
1035,07/26/2025 07:30:00,22.48,0.00,,,,
1036,07/26/2025 07:35:00,22.43,0.00,,,,
1037,07/26/2025 07:40:00,22.39,0.00,,,,
1038,07/26/2025 07:45:00,22.43,0.00,,,,
1039,07/26/2025 07:50:00,22.35,0.00,,,,
1040,07/26/2025 07:55:00,22.35,0.00,,,,
1041,07/26/2025 08:00:00,22.26,0.00,,,,
1042,07/26/2025 08:05:00,22.31,0.00,,,,
1043,07/26/2025 08:10:00,22.31,0.00,,,,
1044,07/26/2025 08:15:00,22.31,0.00,,,,
1045,07/26/2025 08:20:00,22.26,0.00,,,,
1046,07/26/2025 08:25:00,22.26,0.00,,,,
1047,07/26/2025 08:30:00,22.26,0.00,,,,
1048,07/26/2025 08:35:00,22.26,0.00,,,,
1049,07/26/2025 08:40:00,22.31,0.00,,,,
1050,07/26/2025 08:45:00,22.18,0.00,,,,
1051,07/26/2025 08:50:00,22.26,0.00,,,,
1052,07/26/2025 08:55:00,22.26,0.00,,,,
1053,07/26/2025 09:00:00,22.22,0.00,,,,
1054,07/26/2025 09:05:00,22.18,0.00,,,,
1055,07/26/2025 09:10:00,22.26,0.00,,,,
1056,07/26/2025 09:15:00,22.26,0.00,,,,
1057,07/26/2025 09:20:00,22.26,0.00,,,,
1058,07/26/2025 09:25:00,22.22,0.00,,,,
1059,07/26/2025 09:30:00,22.31,0.21,,,,
1060,07/26/2025 09:35:00,22.22,0.86,,,,
1061,07/26/2025 09:40:00,22.26,1.95,,,,
1062,07/26/2025 09:45:00,22.26,3.90,,,,
1063,07/26/2025 09:50:00,22.26,5.85,,,,
1064,07/26/2025 09:55:00,22.26,8.89,,,,
1065,07/26/2025 10:00:00,22.31,11.96,,,,
1066,07/26/2025 10:05:00,22.35,16.73,,,,
1067,07/26/2025 10:10:00,22.31,22.62,,,,
1068,07/26/2025 10:15:00,22.26,30.92,,,,
1069,07/26/2025 10:20:00,22.31,40.09,,,,
1070,07/26/2025 10:25:00,22.35,53.98,,,,
1071,07/26/2025 10:30:00,22.31,65.30,,,,
1072,07/26/2025 10:35:00,22.52,71.44,,,,
1073,07/26/2025 10:40:00,22.56,82.76,,,,
1074,07/26/2025 10:45:00,22.52,100.24,,,,
1075,07/26/2025 10:50:00,22.56,119.32,,,,
1076,07/26/2025 10:55:00,22.56,130.72,,,,
1077,07/26/2025 11:00:00,22.56,142.00,,,,
1078,07/26/2025 11:05:00,22.56,162.08,,,,
1079,07/26/2025 11:10:00,22.65,161.20,,,,
1080,07/26/2025 11:15:00,22.61,169.04,,,,
1081,07/26/2025 11:20:00,22.56,183.84,,,,
1082,07/26/2025 11:25:00,22.52,156.88,,,,
1083,07/26/2025 11:30:00,22.56,165.52,,,,
1084,07/26/2025 11:35:00,22.52,155.04,,,,
1085,07/26/2025 11:40:00,22.52,169.04,,,,
1086,07/26/2025 11:45:00,22.48,208.32,,,,
1087,07/26/2025 11:50:00,22.43,229.12,,,,
1088,07/26/2025 11:55:00,22.48,242.32,,,,
1089,07/26/2025 12:00:00,22.52,262.32,,,,
1090,07/26/2025 12:05:00,22.52,295.52,,,,
1091,07/26/2025 12:10:00,22.48,284.24,,,,
1092,07/26/2025 12:15:00,22.52,249.28,,,,
1093,07/26/2025 12:20:00,22.52,300.72,,,,
1094,07/26/2025 12:25:00,22.56,339.68,,,,
1095,07/26/2025 12:30:00,22.52,354.72,,,,
1096,07/26/2025 12:35:00,22.61,440.80,,,,
1097,07/26/2025 12:40:00,22.61,345.12,,,,
1098,07/26/2025 12:45:00,22.65,810.56,,,,
1099,07/26/2025 12:50:00,22.65,1054.40,,,,
1100,07/26/2025 12:55:00,22.69,1070.08,,,,
1101,07/26/2025 13:00:00,22.69,1016.32,,,,
1102,07/26/2025 13:05:00,22.69,932.16,,,,
1103,07/26/2025 13:10:00,22.69,806.08,,,,
1104,07/26/2025 13:15:00,22.73,744.96,,,,
1105,07/26/2025 13:20:00,22.69,623.20,,,,
1106,07/26/2025 13:25:00,22.65,746.88,,,,
1107,07/26/2025 13:30:00,22.69,501.28,,,,
1108,07/26/2025 13:35:00,22.61,544.64,,,,
1109,07/26/2025 13:40:00,22.52,492.48,,,,
1110,07/26/2025 13:45:00,22.56,456.48,,,,
1111,07/26/2025 13:50:00,22.43,436.48,,,,
1112,07/26/2025 13:55:00,22.43,471.20,,,,
1113,07/26/2025 14:00:00,22.39,451.36,,,,
1114,07/26/2025 14:05:00,22.31,425.28,,,,
1115,07/26/2025 14:10:00,22.26,404.48,,,,
1116,07/26/2025 14:15:00,22.18,413.12,,,,
1117,07/26/2025 14:20:00,22.09,413.12,,,,
1118,07/26/2025 14:25:00,22.01,447.84,,,,
1119,07/26/2025 14:30:00,21.92,421.76,,,,
1120,07/26/2025 14:35:00,21.92,416.64,,,,
1121,07/26/2025 14:40:00,21.83,386.88,,,,
1122,07/26/2025 14:45:00,21.79,383.36,,,,
1123,07/26/2025 14:50:00,21.83,376.48,,,,
1124,07/26/2025 14:55:00,21.79,352.16,,,,
1125,07/26/2025 15:00:00,21.83,331.04,,,,
1126,07/26/2025 15:05:00,21.83,324.16,,,,
1127,07/26/2025 15:10:00,21.88,323.28,,,,
1128,07/26/2025 15:15:00,21.92,309.44,,,,
1129,07/26/2025 15:20:00,21.96,286.00,,,,
1130,07/26/2025 15:25:00,21.96,282.48,,,,
1131,07/26/2025 15:30:00,21.96,250.16,,,,
1132,07/26/2025 15:35:00,21.96,240.64,,,,
1133,07/26/2025 15:40:00,22.05,251.92,,,,
1134,07/26/2025 15:45:00,22.09,229.36,,,,
1135,07/26/2025 15:50:00,22.18,207.44,,,,
1136,07/26/2025 15:55:00,22.22,238.88,,,,
1137,07/26/2025 16:00:00,22.22,251.92,,,,
1138,07/26/2025 16:05:00,22.26,238.88,,,,
1139,07/26/2025 16:08:24,,,,Logged,Logged,
1140,07/26/2025 16:08:31,,,,Logged,Logged,
1141,07/26/2025 16:10:00,22.35,216.08,,,,
1142,07/26/2025 16:11:03,,,,Logged,Logged,
1143,07/26/2025 16:13:14,,,,Logged,,
1144,07/26/2025 16:13:15,,,,,Logged,
1145,07/26/2025 16:13:23,,,,Logged,,
1146,07/26/2025 16:13:24,,,,Logged,Logged,
1147,07/26/2025 16:13:25,,,,Logged,Logged,
1148,07/26/2025 16:13:26,,,,,Logged,
1149,07/26/2025 16:13:30,,,,Logged,,
1150,07/26/2025 16:13:33,,,,,Logged,
1151,07/26/2025 16:13:36,,,,Logged,,
1152,07/26/2025 16:13:39,,,,,Logged,
1153,07/26/2025 16:13:43,,,,Logged,,
1154,07/26/2025 16:13:45,,,,,Logged,
1155,07/26/2025 16:13:50,,,,Logged,,
1156,07/26/2025 16:13:52,,,,,Logged,
1157,07/26/2025 16:14:01,,,,Logged,,
1158,07/26/2025 16:14:02,,,,Logged,Logged,
1159,07/26/2025 16:14:08,,,,Logged,,
1160,07/26/2025 16:14:09,,,,,Logged,
1161,07/26/2025 16:14:14,,,,Logged,,
1162,07/26/2025 16:14:15,,,,,Logged,
1163,07/26/2025 16:14:28,,,,Logged,Logged,
1164,07/26/2025 16:14:29,,,,Logged,Logged,
1165,07/26/2025 16:14:33,,,,Logged,Logged,
1166,07/26/2025 16:14:38,,,,Logged,,
1167,07/26/2025 16:14:40,,,,,Logged,
1168,07/26/2025 16:14:49,,,,Logged,,
1169,07/26/2025 16:14:50,,,,,Logged,
1170,07/26/2025 16:14:57,,,,Logged,,
1171,07/26/2025 16:14:59,,,,,Logged,
1172,07/26/2025 16:15:00,22.35,241.52,,,,
1173,07/26/2025 16:15:03,,,,Logged,,
1174,07/26/2025 16:15:05,,,,,Logged,
1175,07/26/2025 16:15:11,,,,Logged,,
1176,07/26/2025 16:15:13,,,,,Logged,
1177,07/26/2025 16:15:19,,,,Logged,,
1178,07/26/2025 16:15:21,,,,,Logged,
1179,07/26/2025 16:15:24,,,,Logged,,
1180,07/26/2025 16:15:25,,,,,Logged,
1181,07/26/2025 16:15:31,,,,Logged,,
1182,07/26/2025 16:15:32,,,,,Logged,
1183,07/26/2025 16:15:35,,,,Logged,Logged,
1184,07/26/2025 16:15:36,,,,Logged,Logged,
1185,07/26/2025 16:15:40,,,,Logged,,
1186,07/26/2025 16:15:43,,,,,Logged,
1187,07/26/2025 16:15:50,,,,Logged,,
1188,07/26/2025 16:15:52,,,,,Logged,
1189,07/26/2025 16:15:58,,,,Logged,,
1190,07/26/2025 16:16:01,,,,,Logged,
1191,07/26/2025 16:16:05,,,,Logged,,
1192,07/26/2025 16:16:07,,,,,Logged,
1193,07/26/2025 16:16:09,,,,Logged,Logged,
1194,07/26/2025 16:16:11,,,,Logged,,
1195,07/26/2025 16:16:13,,,,,Logged,
1196,07/26/2025 16:16:14,,,,Logged,,
1197,07/26/2025 16:16:18,,,,,Logged,
1198,07/26/2025 16:16:22,,,,Logged,,
1199,07/26/2025 16:16:25,,,,,Logged,
1200,07/26/2025 16:16:28,,,,Logged,,
1201,07/26/2025 16:16:32,,,,,Logged,
1202,07/26/2025 16:16:35,,,,Logged,,
1203,07/26/2025 16:16:39,,,,Logged,Logged,
1204,07/26/2025 16:16:40,,,,Logged,,
1205,07/26/2025 16:16:49,,,,,Logged,
1206,07/26/2025 16:16:50,,,,Logged,,
1207,07/26/2025 16:17:02,,,,,Logged,
1208,07/26/2025 16:17:03,,,,Logged,,
1209,07/26/2025 16:17:09,,,,,Logged,
1210,07/26/2025 16:17:10,,,,Logged,,
1211,07/26/2025 16:17:13,,,,Logged,Logged,
1212,07/26/2025 16:17:19,,,,,Logged,
1213,07/26/2025 16:17:21,,,,Logged,,
1214,07/26/2025 16:17:23,,,,,Logged,
1215,07/26/2025 16:17:24,,,,Logged,,
1216,07/26/2025 16:17:26,,,,,Logged,
1217,07/26/2025 16:17:28,,,,Logged,,
1218,07/26/2025 16:17:29,,,,,Logged,
1219,07/26/2025 16:17:33,,,,Logged,,
1220,07/26/2025 16:17:34,,,,Logged,Logged,
1221,07/26/2025 16:17:36,,,,,Logged,
1222,07/26/2025 16:17:37,,,,Logged,,
1223,07/26/2025 16:17:40,,,,,Logged,
1224,07/26/2025 16:17:42,,,,Logged,,
1225,07/26/2025 16:17:44,,,,,Logged,
1226,07/26/2025 16:17:45,,,,Logged,,
1227,07/26/2025 16:17:51,,,,Logged,Logged,
1228,07/26/2025 16:17:52,,,,Logged,,
1229,07/26/2025 16:17:54,,,,,Logged,
1230,07/26/2025 16:17:55,,,,Logged,Logged,
1231,07/26/2025 16:18:02,,,,,Logged,
1232,07/26/2025 16:18:04,,,,Logged,,
1233,07/26/2025 16:18:07,,,,Logged,Logged,
1234,07/26/2025 16:18:09,,,,,Logged,
1235,07/26/2025 16:18:11,,,,Logged,,
1236,07/26/2025 16:18:14,,,,Logged,Logged,
1237,07/26/2025 16:18:15,,,,,Logged,
1238,07/26/2025 16:18:18,,,,Logged,,
1239,07/26/2025 16:18:19,,,,Logged,Logged,
1240,07/26/2025 16:18:20,,,,Logged,Logged,
1241,07/26/2025 16:18:21,,,,Logged,Logged,
1242,07/26/2025 16:18:23,,,,,Logged,
1243,07/26/2025 16:18:47,,,,Logged,Logged,
1244,07/26/2025 16:18:50,,,,Logged,,
1245,07/26/2025 16:19:01,,,,Logged,Logged,
1246,07/26/2025 16:19:10,,,,,Logged,
1247,07/26/2025 16:19:12,,,,Logged,,
1248,07/26/2025 16:19:16,,,,,Logged,
1249,07/26/2025 16:19:20,,,,Logged,,
1250,07/26/2025 16:19:23,,,,,Logged,
1251,07/26/2025 16:19:24,,,,Logged,,
1252,07/26/2025 16:19:26,,,,,Logged,
1253,07/26/2025 16:19:27,,,,Logged,,
1254,07/26/2025 16:19:29,,,,Logged,Logged,
1255,07/26/2025 16:19:30,,,,,Logged,
1256,07/26/2025 16:19:31,,,,Logged,,
1257,07/26/2025 16:19:32,,,,,Logged,
1258,07/26/2025 16:19:34,,,,Logged,,
1259,07/26/2025 16:19:37,,,,Logged,Logged,
1260,07/26/2025 16:19:40,,,,,Logged,
1261,07/26/2025 16:19:42,,,,Logged,,
1262,07/26/2025 16:19:46,,,,,Logged,
1263,07/26/2025 16:19:48,,,,Logged,,
1264,07/26/2025 16:19:51,,,,,Logged,
1265,07/26/2025 16:19:52,,,,Logged,,
1266,07/26/2025 16:19:53,,,,,Logged,
1267,07/26/2025 16:19:58,,,,Logged,,
1268,07/26/2025 16:20:00,22.39,231.04,,,Logged,
1269,07/26/2025 16:20:04,,,,Logged,,
1270,07/26/2025 16:20:06,,,,,Logged,
1271,07/26/2025 16:20:08,,,,Logged,,
1272,07/26/2025 16:20:09,,,,,Logged,
1273,07/26/2025 16:20:12,,,,Logged,,
1274,07/26/2025 16:20:13,,,,,Logged,
1275,07/26/2025 16:20:21,,,,Logged,Logged,
1276,07/26/2025 16:20:22,,,,Logged,Logged,
1277,07/26/2025 16:20:31,,,,Logged,,
1278,07/26/2025 16:20:32,,,,,Logged,
1279,07/26/2025 16:20:49,,,,Logged,,
1280,07/26/2025 16:20:53,,,,,Logged,
1281,07/26/2025 16:20:56,,,,Logged,,
1282,07/26/2025 16:20:59,,,,,Logged,
1283,07/26/2025 16:21:02,,,,Logged,,
1284,07/26/2025 16:21:04,,,,,Logged,
1285,07/26/2025 16:21:07,,,,Logged,,
1286,07/26/2025 16:21:09,,,,,Logged,
1287,07/26/2025 16:21:11,,,,Logged,,
1288,07/26/2025 16:21:13,,,,,Logged,
1289,07/26/2025 16:21:16,,,,Logged,,
1290,07/26/2025 16:21:19,,,,,Logged,
1291,07/26/2025 16:21:22,,,,Logged,,
1292,07/26/2025 16:21:23,,,,,Logged,
1293,07/26/2025 16:21:25,,,,Logged,,
1294,07/26/2025 16:21:27,,,,,Logged,
1295,07/26/2025 16:21:29,,,,Logged,,
1296,07/26/2025 16:21:30,,,,,Logged,
1297,07/26/2025 16:21:31,,,,Logged,,
1298,07/26/2025 16:21:33,,,,,Logged,
1299,07/26/2025 16:21:34,,,,Logged,,
1300,07/26/2025 16:21:49,,,,,Logged,
1301,07/26/2025 16:21:50,,,,Logged,,
1302,07/26/2025 16:21:52,,,,,Logged,
1303,07/26/2025 16:21:55,,,,Logged,,
1304,07/26/2025 16:21:57,,,,,Logged,
1305,07/26/2025 16:21:58,,,,Logged,Logged,
1306,07/26/2025 16:22:01,,,,Logged,,
1307,07/26/2025 16:22:04,,,,,Logged,
1308,07/26/2025 16:22:07,,,,Logged,,
1309,07/26/2025 16:22:11,,,,Logged,Logged,
1310,07/26/2025 16:22:14,,,,Logged,,
1311,07/26/2025 16:22:17,,,,,Logged,
1312,07/26/2025 16:22:21,,,,Logged,,
1313,07/26/2025 16:22:23,,,,,Logged,
1314,07/26/2025 16:22:25,,,,Logged,,
1315,07/26/2025 16:22:28,,,,Logged,Logged,
1316,07/26/2025 16:22:40,,,,,Logged,
1317,07/26/2025 16:22:41,,,,Logged,,
1318,07/26/2025 16:22:46,,,,,Logged,
1319,07/26/2025 16:22:48,,,,Logged,,
1320,07/26/2025 16:22:50,,,,Logged,Logged,
1321,07/26/2025 16:22:52,,,,Logged,,
1322,07/26/2025 16:22:54,,,,,Logged,
1323,07/26/2025 16:22:56,,,,Logged,,
1324,07/26/2025 16:22:57,,,,,Logged,
1325,07/26/2025 16:22:59,,,,Logged,,
1326,07/26/2025 16:23:01,,,,,Logged,
1327,07/26/2025 16:23:03,,,,Logged,,
1328,07/26/2025 16:23:04,,,,,Logged,
1329,07/26/2025 16:23:05,,,,Logged,,
1330,07/26/2025 16:23:08,,,,,Logged,
1331,07/26/2025 16:23:09,,,,Logged,,
1332,07/26/2025 16:23:12,,,,,Logged,
1333,07/26/2025 16:23:13,,,,Logged,,
1334,07/26/2025 16:23:15,,,,,Logged,
1335,07/26/2025 16:23:21,,,,Logged,,
1336,07/26/2025 16:23:22,,,,,Logged,
1337,07/26/2025 16:23:23,,,,Logged,,
1338,07/26/2025 16:23:26,,,,,Logged,
1339,07/26/2025 16:23:27,,,,Logged,,
1340,07/26/2025 16:23:36,,,,,Logged,
1341,07/26/2025 16:23:37,,,,Logged,,
1342,07/26/2025 16:23:38,,,,,Logged,
1343,07/26/2025 16:23:39,,,,Logged,,
1344,07/26/2025 16:23:42,,,,Logged,Logged,
1345,07/26/2025 16:23:47,,,,Logged,Logged,
1346,07/26/2025 16:23:48,,,,Logged,Logged,
1347,07/26/2025 16:24:05,,,,,Logged,
1348,07/26/2025 16:24:07,,,,Logged,,
1349,07/26/2025 16:24:09,,,,,Logged,
1350,07/26/2025 16:24:11,,,,Logged,,
1351,07/26/2025 16:24:12,,,,,Logged,
1352,07/26/2025 16:24:15,,,,Logged,,
1353,07/26/2025 16:24:24,,,,,Logged,
1354,07/26/2025 16:24:26,,,,Logged,,
1355,07/26/2025 16:24:27,,,,Logged,Logged,
1356,07/26/2025 16:24:28,,,,Logged,Logged,
1357,07/26/2025 16:24:29,,,,Logged,Logged,
1358,07/26/2025 16:24:30,,,,Logged,Logged,
1359,07/26/2025 16:24:32,,,,,Logged,
1360,07/26/2025 16:24:33,,,,Logged,,
1361,07/26/2025 16:24:36,,,,,Logged,
1362,07/26/2025 16:24:38,,,,Logged,,
1363,07/26/2025 16:24:40,,,,,Logged,
1364,07/26/2025 16:24:41,,,,Logged,,
1365,07/26/2025 16:24:44,,,,,Logged,
1366,07/26/2025 16:24:46,,,,Logged,,
1367,07/26/2025 16:24:51,,,,,Logged,
1368,07/26/2025 16:24:54,,,,Logged,,
1369,07/26/2025 16:24:55,,,,,Logged,
1370,07/26/2025 16:24:56,,,,Logged,,
1371,07/26/2025 16:24:57,,,,,Logged,
1372,07/26/2025 16:25:00,22.39,210.88,,Logged,,
1373,07/26/2025 16:25:01,,,,,Logged,
1374,07/26/2025 16:25:02,,,,Logged,,
1375,07/26/2025 16:25:05,,,,,Logged,
1376,07/26/2025 16:25:06,,,,Logged,,
1377,07/26/2025 16:25:11,,,,,Logged,
1378,07/26/2025 16:25:12,,,,Logged,,
1379,07/26/2025 16:25:14,,,,,Logged,
1380,07/26/2025 16:25:15,,,,Logged,,
1381,07/26/2025 16:25:26,,,,,Logged,
1382,07/26/2025 16:25:28,,,,Logged,,
1383,07/26/2025 16:25:29,,,,,Logged,
1384,07/26/2025 16:25:31,,,,Logged,,
1385,07/26/2025 16:25:35,,,,Logged,Logged,
1386,07/26/2025 16:25:37,,,,Logged,Logged,
1387,07/26/2025 16:25:41,,,,,Logged,
1388,07/26/2025 16:25:43,,,,Logged,,
1389,07/26/2025 16:25:46,,,,,Logged,
1390,07/26/2025 16:25:50,,,,Logged,,
1391,07/26/2025 16:25:54,,,,,Logged,
1392,07/26/2025 16:25:57,,,,Logged,,
1393,07/26/2025 16:26:00,,,,,Logged,
1394,07/26/2025 16:26:03,,,,Logged,,
1395,07/26/2025 16:26:07,,,,,Logged,
1396,07/26/2025 16:26:10,,,,Logged,,
1397,07/26/2025 16:26:12,,,,,Logged,
1398,07/26/2025 16:26:13,,,,Logged,,
1399,07/26/2025 16:26:15,,,,Logged,Logged,
1400,07/26/2025 16:26:17,,,,Logged,,
1401,07/26/2025 16:26:19,,,,Logged,Logged,
1402,07/26/2025 16:26:21,,,,,Logged,
1403,07/26/2025 16:26:23,,,,Logged,,
1404,07/26/2025 16:26:38,,,,,Logged,
1405,07/26/2025 16:26:39,,,,Logged,,
1406,07/26/2025 16:26:40,,,,,Logged,
1407,07/26/2025 16:26:41,,,,Logged,,
1408,07/26/2025 16:26:43,,,,,Logged,
1409,07/26/2025 16:26:44,,,,Logged,,
1410,07/26/2025 16:26:51,,,,,Logged,
1411,07/26/2025 16:26:52,,,,Logged,,
1412,07/26/2025 16:27:08,,,,,Logged,
1413,07/26/2025 16:27:09,,,,Logged,,
1414,07/26/2025 16:27:21,,,,,Logged,
1415,07/26/2025 16:27:22,,,,Logged,,
1416,07/26/2025 16:27:56,,,,,Logged,
1417,07/26/2025 16:27:57,,,,Logged,,
1418,07/26/2025 16:28:02,,,,Logged,Logged,
1419,07/26/2025 16:28:03,,,,Logged,,
1420,07/26/2025 16:30:00,22.39,207.44,,,,
1421,07/26/2025 16:30:04,,,,Logged,Logged,
1422,07/26/2025 16:30:14,,,,Logged,Logged,
1423,07/26/2025 16:30:35,,,,Logged,Logged,
1424,07/26/2025 16:30:38,,,,Logged,Logged,
1425,07/26/2025 16:30:45,,,,Logged,Logged,
1426,07/26/2025 16:30:46,,,,Logged,Logged,
1427,07/26/2025 16:30:56,,,,Logged,Logged,
1428,07/26/2025 16:30:57,,,,Logged,,
1429,07/26/2025 16:31:02,,,,,Logged,
1430,07/26/2025 16:31:04,,,,Logged,,
1431,07/26/2025 16:31:06,,,,Logged,Logged,
1432,07/26/2025 16:31:08,,,,Logged,,
1433,07/26/2025 16:31:10,,,,,Logged,
1434,07/26/2025 16:31:11,,,,Logged,,
1435,07/26/2025 16:31:14,,,,Logged,Logged,
1436,07/26/2025 16:31:25,,,,Logged,Logged,
1437,07/26/2025 16:31:28,,,,Logged,Logged,
1438,07/26/2025 16:31:41,,,,,Logged,
1439,07/26/2025 16:31:42,,,,Logged,,
1440,07/26/2025 16:31:47,,,,,Logged,
1441,07/26/2025 16:31:49,,,,Logged,,
1442,07/26/2025 16:31:51,,,,,Logged,
1443,07/26/2025 16:31:53,,,,Logged,,
1444,07/26/2025 16:31:56,,,,,Logged,
1445,07/26/2025 16:31:58,,,,Logged,,
1446,07/26/2025 16:32:00,,,,,Logged,
1447,07/26/2025 16:32:02,,,,Logged,,
1448,07/26/2025 16:32:07,,,,,Logged,
1449,07/26/2025 16:32:09,,,,Logged,,
1450,07/26/2025 16:32:11,,,,,Logged,
1451,07/26/2025 16:32:12,,,,Logged,,
1452,07/26/2025 16:32:18,,,,Logged,Logged,
1453,07/26/2025 16:32:23,,,,Logged,Logged,
1454,07/26/2025 16:32:28,,,,,Logged,
1455,07/26/2025 16:32:29,,,,Logged,,
1456,07/26/2025 16:33:14,,,,Logged,Logged,
1457,07/26/2025 16:33:36,,,,,Logged,
1458,07/26/2025 16:33:37,,,,Logged,,
1459,07/26/2025 16:34:38,,,,Logged,Logged,
1460,07/26/2025 16:35:00,22.61,191.76,,,,
1461,07/26/2025 16:35:38,,,,Logged,Logged,
1462,07/26/2025 16:40:00,22.61,204.80,,,,
1463,07/26/2025 16:45:00,22.65,235.44,,,,
1464,07/26/2025 16:50:00,22.69,251.04,,,,
1465,07/26/2025 16:55:00,22.65,272.72,,,,
1466,07/26/2025 17:00:00,22.61,252.80,,,,
1467,07/26/2025 17:05:00,22.61,220.40,,,,
1468,07/26/2025 17:10:00,22.56,269.28,,,,
1469,07/26/2025 17:15:00,22.56,272.72,,,,
1470,07/26/2025 17:20:00,22.48,225.68,,,,
1471,07/26/2025 17:25:00,22.48,231.76,,,,
1472,07/26/2025 17:30:00,22.43,129.00,,,,
1473,07/26/2025 17:35:00,22.48,82.76,,,,
1474,07/26/2025 17:40:00,22.35,92.32,,,,
1475,07/26/2025 17:45:00,22.39,80.98,,,,
1476,07/26/2025 17:50:00,22.39,138.52,,,,
1477,07/26/2025 17:55:00,22.35,160.36,,,,
1478,07/26/2025 18:00:00,22.35,234.56,,,,
1479,07/26/2025 18:05:00,22.39,241.52,,,,
1480,07/26/2025 18:10:00,22.31,168.16,,,,
1481,07/26/2025 18:14:11,,,,,Logged,
1482,07/26/2025 18:14:12,,,,Logged,,
1483,07/26/2025 18:14:40,,,,,Logged,
1484,07/26/2025 18:14:41,,,,Logged,,
1485,07/26/2025 18:14:45,,,,,Logged,
1486,07/26/2025 18:14:46,,,,Logged,,
1487,07/26/2025 18:15:00,22.31,247.60,,,,
1488,07/26/2025 18:15:02,,,,,Logged,
1489,07/26/2025 18:15:03,,,,Logged,,
1490,07/26/2025 18:15:15,,,,,Logged,
1491,07/26/2025 18:15:16,,,,Logged,,
1492,07/26/2025 18:16:25,,,,,Logged,
1493,07/26/2025 18:16:26,,,,Logged,,
1494,07/26/2025 18:16:29,,,,Logged,Logged,
1495,07/26/2025 18:16:30,,,,Logged,,
1496,07/26/2025 18:16:41,,,,Logged,Logged,
1497,07/26/2025 18:16:58,,,,,Logged,
1498,07/26/2025 18:16:59,,,,Logged,,
1499,07/26/2025 18:17:21,,,,Logged,Logged,
1500,07/26/2025 18:17:27,,,,Logged,Logged,
1501,07/26/2025 18:17:54,,,,,Logged,
1502,07/26/2025 18:17:55,,,,Logged,,
1503,07/26/2025 18:18:06,,,,Logged,Logged,
1504,07/26/2025 18:18:12,,,,,Logged,
1505,07/26/2025 18:18:13,,,,Logged,,
1506,07/26/2025 18:19:19,,,,Logged,Logged,
1507,07/26/2025 18:20:00,22.35,230.00,,,,
1508,07/26/2025 18:20:50,,,,Logged,Logged,
1509,07/26/2025 18:21:40,,,,,Logged,
1510,07/26/2025 18:21:41,,,,Logged,,
1511,07/26/2025 18:22:20,,,,,Logged,
1512,07/26/2025 18:22:21,,,,Logged,,
1513,07/26/2025 18:22:49,,,,Logged,Logged,
1514,07/26/2025 18:23:00,,,,,Logged,
1515,07/26/2025 18:23:01,,,,Logged,,
1516,07/26/2025 18:23:11,,,,,Logged,
1517,07/26/2025 18:23:13,,,,Logged,,
1518,07/26/2025 18:23:29,,,,,Logged,
1519,07/26/2025 18:23:30,,,,Logged,,
1520,07/26/2025 18:23:34,,,,,Logged,
1521,07/26/2025 18:23:35,,,,Logged,,
1522,07/26/2025 18:23:40,,,,Logged,Logged,
1523,07/26/2025 18:23:56,,,,,Logged,
1524,07/26/2025 18:23:58,,,,Logged,,
1525,07/26/2025 18:24:03,,,,,Logged,
1526,07/26/2025 18:24:04,,,,Logged,,
1527,07/26/2025 18:24:08,,,,,Logged,
1528,07/26/2025 18:24:09,,,,Logged,,
1529,07/26/2025 18:24:14,,,,Logged,Logged,
1530,07/26/2025 18:24:25,,,,,Logged,
1531,07/26/2025 18:24:26,,,,Logged,,
1532,07/26/2025 18:24:31,,,,,Logged,
1533,07/26/2025 18:24:32,,,,Logged,,
1534,07/26/2025 18:24:43,,,,,Logged,
1535,07/26/2025 18:24:44,,,,Logged,,
1536,07/26/2025 18:24:49,,,,,Logged,
1537,07/26/2025 18:24:50,,,,Logged,,
1538,07/26/2025 18:25:00,22.26,203.92,,,Logged,
1539,07/26/2025 18:25:02,,,,Logged,,
1540,07/26/2025 18:25:06,,,,,Logged,
1541,07/26/2025 18:25:07,,,,Logged,,
1542,07/26/2025 18:25:13,,,,Logged,Logged,
1543,07/26/2025 18:25:17,,,,Logged,Logged,
1544,07/26/2025 18:25:23,,,,Logged,Logged,
1545,07/26/2025 18:25:34,,,,Logged,Logged,
1546,07/26/2025 18:25:35,,,,Logged,,
1547,07/26/2025 18:25:41,,,,Logged,Logged,
1548,07/26/2025 18:25:46,,,,,Logged,
1549,07/26/2025 18:25:47,,,,Logged,,
1550,07/26/2025 18:25:52,,,,Logged,Logged,
1551,07/26/2025 18:25:57,,,,Logged,Logged,
1552,07/26/2025 18:25:58,,,,Logged,Logged,
1553,07/26/2025 18:26:03,,,,,Logged,
1554,07/26/2025 18:26:04,,,,Logged,,
1555,07/26/2025 18:26:26,,,,Logged,Logged,
1556,07/26/2025 18:26:30,,,,Logged,Logged,
1557,07/26/2025 18:26:38,,,,,Logged,
1558,07/26/2025 18:26:39,,,,Logged,,
1559,07/26/2025 18:26:50,,,,,Logged,
1560,07/26/2025 18:26:51,,,,Logged,,
1561,07/26/2025 18:27:00,,,,,Logged,
1562,07/26/2025 18:27:01,,,,Logged,,
1563,07/26/2025 18:27:22,,,,,Logged,
1564,07/26/2025 18:27:24,,,,Logged,,
1565,07/26/2025 18:27:29,,,,,Logged,
1566,07/26/2025 18:27:31,,,,Logged,,
1567,07/26/2025 18:27:46,,,,,Logged,
1568,07/26/2025 18:27:48,,,,Logged,,
1569,07/26/2025 18:27:50,,,,Logged,Logged,
1570,07/26/2025 18:27:51,,,,Logged,,
1571,07/26/2025 18:27:56,,,,,Logged,
1572,07/26/2025 18:27:59,,,,Logged,,
1573,07/26/2025 18:28:01,,,,,Logged,
1574,07/26/2025 18:28:05,,,,Logged,,
1575,07/26/2025 18:28:07,,,,,Logged,
1576,07/26/2025 18:28:08,,,,Logged,,
1577,07/26/2025 18:28:13,,,,,Logged,
1578,07/26/2025 18:28:14,,,,Logged,,
1579,07/26/2025 18:28:16,,,,Logged,Logged,
1580,07/26/2025 18:28:19,,,,Logged,Logged,
1581,07/26/2025 18:28:21,,,,Logged,,
1582,07/26/2025 18:28:23,,,,Logged,Logged,Logged